"Name","final_train_metrics.pearson_r","final_test_metrics.pearson_r","Created","Runtime","Group","End Time","Hostname","ID","Notes","State","Updated","Tags","activation","batch_size","decoder","dropout_rate","epochs","hidden_dims","lambda_reg","learning_rate","cls_init","max_iter","n_components","optimize_encoder","reduced_dim","regularization","scale","shared_weights","weight_decay","parameters.cross_attention_dropouts","aug_prob","best_parameters.aug_probs","best_parameters.cls_inits","parameters.aug_probs","parameters.cls_inits","best_val_loss","final_test_metrics.geodesic_distance","final_test_metrics.long_r","final_test_metrics.mae","final_test_metrics.mid_r","final_test_metrics.mse","final_test_metrics.r2","final_test_metrics.short_r","final_train_metrics.geodesic_distance","final_train_metrics.long_r","final_train_metrics.mae","final_train_metrics.mid_r","final_train_metrics.mse","final_train_metrics.r2","final_train_metrics.short_r","fold0_epoch","fold0_train_loss","fold0_val_loss","mean_train_loss","mean_train_pearson","mean_val_loss","mean_val_pearson","test_mse_loss","train_mse_loss"
"shared_transformer_transcriptome_FC_random6_fold0_final_eval","0.9736368479748028","0.7627629659033288","2025-05-04T22:27:53.000Z","817","sweep_vekie6dk","2025-05-04T22:41:30.000Z","gh014.hpc.nyu.edu","dxwbcu64","-","finished","2025-05-04T22:41:30.000Z","binarize_False, cv_type_random, feature_type_transcriptome, final_eval, gene_list_0.2, hemisphere_both, impute_strategy_mirror_interpolate, model_shared_transformer, null_model_none, omit_subcortical_False, outerfold_0, parcellation_S400, sort_genes_refgenome, split_random6, target_FC","","512","","0.2","50","","","0.00009","","","","","","","","","0.0001","","0.3","","","","","0.015536405128211929","11.263388432067533","0.6683506885229384","0.08518708497285843","0.7359004074605762","0.014777794480323792","0.577248783445159","0.7811336294868565","14.93817536165709","0.965510937764327","0.029593825340270996","0.9714603287203536","0.0017303616041317582","0.947513939849771","0.9768588342196544","","","","","","","","0.015034059922282511","0.003613315206759564"
"shared_transformer_transcriptome_FC_random4_fold0_final_eval","0.9753135428030588","0.7701601729213897","2025-05-04T22:27:52.000Z","809","sweep_69mir0bp","2025-05-04T22:41:21.000Z","gh014.hpc.nyu.edu","1933i1o3","-","finished","2025-05-04T22:41:21.000Z","binarize_False, cv_type_random, feature_type_transcriptome, final_eval, gene_list_0.2, hemisphere_both, impute_strategy_mirror_interpolate, model_shared_transformer, null_model_none, omit_subcortical_False, outerfold_0, parcellation_S400, sort_genes_refgenome, split_random4, target_FC","","512","","0.2","50","","","0.00009","","","","","","","","","0.0001","","0","","","","","0.016207674339127082","11.318743691635188","0.6876067443395066","0.07936251908540726","0.7345628614306402","0.012697169557213783","0.5829220542155877","0.7818422367732298","15.22948703698397","0.9704421866259408","0.030909867957234383","0.973192754602181","0.0017974314978346229","0.948093578992012","0.9781950091563536","","","","","","","","0.013015544256911827","0.003520720499867188"
"shared_transformer_transcriptome_FC_random3_fold0_final_eval","0.9779552359087124","0.8210676155511597","2025-05-04T22:27:43.000Z","814","sweep_kbae8wzf","2025-05-04T22:41:17.000Z","gh014.hpc.nyu.edu","a0zspkhj","-","finished","2025-05-04T22:41:17.000Z","binarize_False, cv_type_random, feature_type_transcriptome, final_eval, gene_list_0.2, hemisphere_both, impute_strategy_mirror_interpolate, model_shared_transformer, null_model_none, omit_subcortical_False, outerfold_0, parcellation_S400, sort_genes_refgenome, split_random3, target_FC","","512","","0.2","50","","","0.00009","","","","","","","","","0.0001","","0.1","","","","","0.014499891119507642","10.510312044095912","0.7169993560559684","0.08039490878582001","0.8061599517775137","0.012667445465922356","0.672693463583688","0.8414963593477656","16.198027945150198","0.9743596554565525","0.027259396389126778","0.9752758734889154","0.001469976152293384","0.9538331890683664","0.9796876960391392","","","","","","","","0.012515889301609536","0.0030191082226334034"
"shared_transformer_transcriptome_FC_random5_fold0_final_eval","0.9731960426926768","0.7717624895055529","2025-05-04T22:27:13.000Z","831","sweep_0ug778fr","2025-05-04T22:41:04.000Z","gh014.hpc.nyu.edu","wyc8s6kz","-","finished","2025-05-04T22:41:04.000Z","binarize_False, cv_type_random, feature_type_transcriptome, final_eval, gene_list_0.2, hemisphere_both, impute_strategy_mirror_interpolate, model_shared_transformer, null_model_none, omit_subcortical_False, outerfold_0, parcellation_S400, sort_genes_refgenome, split_random5, target_FC","","512","","0.2","50","","","0.00009","","","","","","","","","0.0001","","0.3","","","","","0.016306241884684332","11.257669623021808","0.6694366143464983","0.08789879083633423","0.7521901230282502","0.01481817476451397","0.5946739568783206","0.8217479064932197","15.101479384166698","0.9646890017246916","0.02994604781270027","0.9698138026392228","0.00176061294041574","0.9465827992985458","0.9748568983410808","","","","","","","","0.014622312343607727","0.003224210742869238"
"shared_transformer_transcriptome_FC_random6_fold0_innerCV","","","2025-05-04T22:22:15.000Z","336","sweep_vekie6dk","2025-05-04T22:27:51.000Z","gh014.hpc.nyu.edu","wpxw7dt9","-","finished","2025-05-04T22:27:51.000Z","binarize_False, cv_type_random, feature_type_transcriptome, fold0, gene_list_0.2, hemisphere_both, impute_strategy_mirror_interpolate, inner cross validation, model_shared_transformer, null_model_none, omit_subcortical_False, parcellation_S400, sort_genes_refgenome, split_random6, target_FC","","512","","0.2","50","","","0.00009","","","","","","","","","0.0001","","0.4","","","","","","","","","","","","","","","","","","","","49","0.005567815772598923","0.022686996210653048","0.005567815772598923","0.9624413522329578","0.022686996210653048","0.6987874721486771","",""
"shared_transformer_transcriptome_FC_random4_fold0_innerCV","","","2025-05-04T22:22:11.000Z","339","sweep_69mir0bp","2025-05-04T22:27:50.000Z","gh014.hpc.nyu.edu","nh1qxac5","-","finished","2025-05-04T22:27:50.000Z","binarize_False, cv_type_random, feature_type_transcriptome, fold0, gene_list_0.2, hemisphere_both, impute_strategy_mirror_interpolate, inner cross validation, model_shared_transformer, null_model_none, omit_subcortical_False, parcellation_S400, sort_genes_refgenome, split_random4, target_FC","","512","","0.2","50","","","0.00009","","","","","","","","","0.0001","","0.4","","","","","","","","","","","","","","","","","","","","49","0.006933884649067232","0.018502251925663307","0.006933884649067232","0.9416215214517512","0.018502251925663307","0.727789834757996","",""
"shared_transformer_transcriptome_FC_random3_fold0_innerCV","","","2025-05-04T22:22:08.000Z","333","sweep_kbae8wzf","2025-05-04T22:27:41.000Z","gh014.hpc.nyu.edu","hlocafyk","-","finished","2025-05-04T22:27:41.000Z","binarize_False, cv_type_random, feature_type_transcriptome, fold0, gene_list_0.2, hemisphere_both, impute_strategy_mirror_interpolate, inner cross validation, model_shared_transformer, null_model_none, omit_subcortical_False, parcellation_S400, sort_genes_refgenome, split_random3, target_FC","","512","","0.2","50","","","0.00009","","","","","","","","","0.0001","","0.4","","","","","","","","","","","","","","","","","","","","49","0.005614530013892615","0.014527450441024624","0.005614530013892615","0.954806385839373","0.014527450441024624","0.7530181754235843","",""
"shared_transformer_transcriptome_FC_random5_fold0_innerCV","","","2025-05-04T22:21:43.000Z","328","sweep_0ug778fr","2025-05-04T22:27:11.000Z","gh014.hpc.nyu.edu","7nac8o4g","-","finished","2025-05-04T22:27:11.000Z","binarize_False, cv_type_random, feature_type_transcriptome, fold0, gene_list_0.2, hemisphere_both, impute_strategy_mirror_interpolate, inner cross validation, model_shared_transformer, null_model_none, omit_subcortical_False, parcellation_S400, sort_genes_refgenome, split_random5, target_FC","","512","","0.2","50","","","0.00009","","","","","","","","","0.0001","","0.4","","","","","","","","","","","","","","","","","","","","49","0.005622627854457881","0.03376333207751696","0.005622627854457881","0.9486652352866128","0.03376333207751696","0.6956448606287661","",""
"shared_transformer_transcriptome_FC_random6_fold0_innerCV","","","2025-05-04T22:16:35.000Z","336","sweep_vekie6dk","2025-05-04T22:22:11.000Z","gh014.hpc.nyu.edu","2vo8kmk6","-","finished","2025-05-04T22:22:11.000Z","binarize_False, cv_type_random, feature_type_transcriptome, fold0, gene_list_0.2, hemisphere_both, impute_strategy_mirror_interpolate, inner cross validation, model_shared_transformer, null_model_none, omit_subcortical_False, parcellation_S400, sort_genes_refgenome, split_random6, target_FC","","512","","0.2","50","","","0.00009","","","","","","","","","0.0001","","0.3","","","","","","","","","","","","","","","","","","","","49","0.006028739740094631","0.015536405128211929","0.006028739740094631","0.9529004168325432","0.015536405128211929","0.7251678115018486","",""
"shared_transformer_transcriptome_FC_random4_fold0_innerCV","","","2025-05-04T22:16:33.000Z","334","sweep_69mir0bp","2025-05-04T22:22:07.000Z","gh014.hpc.nyu.edu","4qbuovgz","-","finished","2025-05-04T22:22:07.000Z","binarize_False, cv_type_random, feature_type_transcriptome, fold0, gene_list_0.2, hemisphere_both, impute_strategy_mirror_interpolate, inner cross validation, model_shared_transformer, null_model_none, omit_subcortical_False, parcellation_S400, sort_genes_refgenome, split_random4, target_FC","","512","","0.2","50","","","0.00009","","","","","","","","","0.0001","","0.3","","","","","","","","","","","","","","","","","","","","49","0.006167437009845335","0.018364279065281153","0.006167437009845335","0.9475950944946194","0.018364279065281153","0.7229668708335941","",""
"shared_transformer_transcriptome_FC_random3_fold0_innerCV","","","2025-05-04T22:16:28.000Z","336","sweep_kbae8wzf","2025-05-04T22:22:04.000Z","gh014.hpc.nyu.edu","fts71h3n","-","finished","2025-05-04T22:22:04.000Z","binarize_False, cv_type_random, feature_type_transcriptome, fold0, gene_list_0.2, hemisphere_both, impute_strategy_mirror_interpolate, inner cross validation, model_shared_transformer, null_model_none, omit_subcortical_False, parcellation_S400, sort_genes_refgenome, split_random3, target_FC","","512","","0.2","50","","","0.00009","","","","","","","","","0.0001","","0.3","","","","","","","","","","","","","","","","","","","","49","0.00662294597281973","0.014629739497859891","0.00662294597281973","0.9470700469938615","0.014629739497859891","0.752878487660105","",""
"shared_transformer_transcriptome_FC_random5_fold0_innerCV","","","2025-05-04T22:16:09.000Z","332","sweep_0ug778fr","2025-05-04T22:21:41.000Z","gh014.hpc.nyu.edu","ig0whfo0","-","finished","2025-05-04T22:21:41.000Z","binarize_False, cv_type_random, feature_type_transcriptome, fold0, gene_list_0.2, hemisphere_both, impute_strategy_mirror_interpolate, inner cross validation, model_shared_transformer, null_model_none, omit_subcortical_False, parcellation_S400, sort_genes_refgenome, split_random5, target_FC","","512","","0.2","50","","","0.00009","","","","","","","","","0.0001","","0.3","","","","","","","","","","","","","","","","","","","","49","0.006012775750812328","0.016306241884684332","0.006012775750812328","0.956113594452738","0.016306241884684332","0.7458300729985391","",""
"shared_transformer_transcriptome_FC_random6_fold0_innerCV","","","2025-05-04T22:10:57.000Z","334","sweep_vekie6dk","2025-05-04T22:16:31.000Z","gh014.hpc.nyu.edu","1pbo8hoo","-","finished","2025-05-04T22:16:31.000Z","binarize_False, cv_type_random, feature_type_transcriptome, fold0, gene_list_0.2, hemisphere_both, impute_strategy_mirror_interpolate, inner cross validation, model_shared_transformer, null_model_none, omit_subcortical_False, parcellation_S400, sort_genes_refgenome, split_random6, target_FC","","512","","0.2","50","","","0.00009","","","","","","","","","0.0001","","0.2","","","","","","","","","","","","","","","","","","","","49","0.006047233676371893","0.01710327514089071","0.006047233676371893","0.9318935055351656","0.01710327514089071","0.6979546837231999","",""
"shared_transformer_transcriptome_FC_random3_fold0_innerCV","","","2025-05-04T22:10:55.000Z","331","sweep_kbae8wzf","2025-05-04T22:16:26.000Z","gh014.hpc.nyu.edu","o0wrdqsg","-","finished","2025-05-04T22:16:26.000Z","binarize_False, cv_type_random, feature_type_transcriptome, fold0, gene_list_0.2, hemisphere_both, impute_strategy_mirror_interpolate, inner cross validation, model_shared_transformer, null_model_none, omit_subcortical_False, parcellation_S400, sort_genes_refgenome, split_random3, target_FC","","512","","0.2","50","","","0.00009","","","","","","","","","0.0001","","0.2","","","","","","","","","","","","","","","","","","","","49","0.005855701854544701","0.015002809930592775","0.005855701854544701","0.927468964920392","0.015002809930592775","0.7486483429718368","",""
"shared_transformer_transcriptome_FC_random4_fold0_innerCV","","","2025-05-04T22:10:54.000Z","334","sweep_69mir0bp","2025-05-04T22:16:28.000Z","gh014.hpc.nyu.edu","adot1xnd","-","finished","2025-05-04T22:16:28.000Z","binarize_False, cv_type_random, feature_type_transcriptome, fold0, gene_list_0.2, hemisphere_both, impute_strategy_mirror_interpolate, inner cross validation, model_shared_transformer, null_model_none, omit_subcortical_False, parcellation_S400, sort_genes_refgenome, split_random4, target_FC","","512","","0.2","50","","","0.00009","","","","","","","","","0.0001","","0.2","","","","","","","","","","","","","","","","","","","","49","0.005129382456883345","0.01665214366781024","0.005129382456883345","0.9596894052523915","0.01665214366781024","0.7498681631480101","",""
"shared_transformer_transcriptome_FC_random5_fold0_innerCV","","","2025-05-04T22:10:36.000Z","327","sweep_0ug778fr","2025-05-04T22:16:03.000Z","gh014.hpc.nyu.edu","cq2ov2ut","-","finished","2025-05-04T22:16:03.000Z","binarize_False, cv_type_random, feature_type_transcriptome, fold0, gene_list_0.2, hemisphere_both, impute_strategy_mirror_interpolate, inner cross validation, model_shared_transformer, null_model_none, omit_subcortical_False, parcellation_S400, sort_genes_refgenome, split_random5, target_FC","","512","","0.2","50","","","0.00009","","","","","","","","","0.0001","","0.2","","","","","","","","","","","","","","","","","","","","49","0.005186356060059354","0.020012970351112574","0.005186356060059354","0.9565769325340526","0.020012970351112574","0.7297961845426174","",""
"shared_transformer_transcriptome_FC_random4_fold0_innerCV","","","2025-05-04T22:05:15.000Z","337","sweep_69mir0bp","2025-05-04T22:10:52.000Z","gh014.hpc.nyu.edu","8pn5ew24","-","finished","2025-05-04T22:10:52.000Z","binarize_False, cv_type_random, feature_type_transcriptome, fold0, gene_list_0.2, hemisphere_both, impute_strategy_mirror_interpolate, inner cross validation, model_shared_transformer, null_model_none, omit_subcortical_False, parcellation_S400, sort_genes_refgenome, split_random4, target_FC","","512","","0.2","50","","","0.00009","","","","","","","","","0.0001","","0.1","","","","","","","","","","","","","","","","","","","","49","0.005425036626655866","0.01768897122775133","0.005425036626655866","0.9569168542379524","0.01768897122775133","0.7347952565399154","",""
"shared_transformer_transcriptome_FC_random6_fold0_innerCV","","","2025-05-04T22:05:13.000Z","339","sweep_vekie6dk","2025-05-04T22:10:52.000Z","gh014.hpc.nyu.edu","lovda5hz","-","finished","2025-05-04T22:10:52.000Z","binarize_False, cv_type_random, feature_type_transcriptome, fold0, gene_list_0.2, hemisphere_both, impute_strategy_mirror_interpolate, inner cross validation, model_shared_transformer, null_model_none, omit_subcortical_False, parcellation_S400, sort_genes_refgenome, split_random6, target_FC","","512","","0.2","50","","","0.00009","","","","","","","","","0.0001","","0.1","","","","","","","","","","","","","","","","","","","","49","0.005361155376280889","0.02086022549953598","0.005361155376280889","0.9410899063378956","0.02086022549953598","0.6672595134179758","",""
"shared_transformer_transcriptome_FC_random5_fold0_innerCV","","","2025-05-04T22:05:12.000Z","318","sweep_0ug778fr","2025-05-04T22:10:30.000Z","gh014.hpc.nyu.edu","l43z6dfo","-","finished","2025-05-04T22:10:30.000Z","binarize_False, cv_type_random, feature_type_transcriptome, fold0, gene_list_0.2, hemisphere_both, impute_strategy_mirror_interpolate, inner cross validation, model_shared_transformer, null_model_none, omit_subcortical_False, parcellation_S400, sort_genes_refgenome, split_random5, target_FC","","512","","0.2","50","","","0.00009","","","","","","","","","0.0001","","0.1","","","","","","","","","","","","","","","","","","","","45","0.005806683733284769","0.027080767286511567","0.005806683733284769","0.958731644530724","0.027080767286511567","0.7071306623652893","",""
"shared_transformer_transcriptome_FC_random3_fold0_innerCV","","","2025-05-04T22:05:11.000Z","338","sweep_kbae8wzf","2025-05-04T22:10:49.000Z","gh014.hpc.nyu.edu","cwev7ifk","-","finished","2025-05-04T22:10:49.000Z","binarize_False, cv_type_random, feature_type_transcriptome, fold0, gene_list_0.2, hemisphere_both, impute_strategy_mirror_interpolate, inner cross validation, model_shared_transformer, null_model_none, omit_subcortical_False, parcellation_S400, sort_genes_refgenome, split_random3, target_FC","","512","","0.2","50","","","0.00009","","","","","","","","","0.0001","","0.1","","","","","","","","","","","","","","","","","","","","49","0.005140721295397765","0.014499891119507642","0.005140721295397765","0.9601460053301334","0.014499891119507642","0.7561314849992836","",""
"shared_transformer_transcriptome_FC_random6_fold0_innerCV","","","2025-05-04T21:58:33.000Z","396","sweep_vekie6dk","2025-05-04T22:05:09.000Z","gh014.hpc.nyu.edu","rmrtgzn2","-","finished","2025-05-04T22:05:09.000Z","binarize_False, cv_type_random, feature_type_transcriptome, fold0, gene_list_0.2, hemisphere_both, impute_strategy_mirror_interpolate, inner cross validation, model_shared_transformer, null_model_none, omit_subcortical_False, parcellation_S400, sort_genes_refgenome, split_random6, target_FC","","512","","0.2","50","","","0.00009","","","","","","","","","0.0001","","0","","","","","","","","","","","","","","","","","","","","49","0.0051115181361610935","0.015649756989800014","0.0051115181361610935","0.9543236479832584","0.015649756989800014","0.7247008628231274","",""
"shared_transformer_transcriptome_FC_random5_fold0_innerCV","","","2025-05-04T21:58:33.000Z","397","sweep_0ug778fr","2025-05-04T22:05:10.000Z","gh014.hpc.nyu.edu","hmsk2w7o","-","finished","2025-05-04T22:05:10.000Z","binarize_False, cv_type_random, feature_type_transcriptome, fold0, gene_list_0.2, hemisphere_both, impute_strategy_mirror_interpolate, inner cross validation, model_shared_transformer, null_model_none, omit_subcortical_False, parcellation_S400, sort_genes_refgenome, split_random5, target_FC","","512","","0.2","50","","","0.00009","","","","","","","","","0.0001","","0","","","","","","","","","","","","","","","","","","","","49","0.004786905814146642","0.017050399516637508","0.004786905814146642","0.9632745497197452","0.017050399516637508","0.736830623946254","",""
"shared_transformer_transcriptome_FC_random4_fold0_innerCV","","","2025-05-04T21:58:25.000Z","405","sweep_69mir0bp","2025-05-04T22:05:10.000Z","gh014.hpc.nyu.edu","55k3nzhd","-","finished","2025-05-04T22:05:10.000Z","binarize_False, cv_type_random, feature_type_transcriptome, fold0, gene_list_0.2, hemisphere_both, impute_strategy_mirror_interpolate, inner cross validation, model_shared_transformer, null_model_none, omit_subcortical_False, parcellation_S400, sort_genes_refgenome, split_random4, target_FC","","512","","0.2","50","","","0.00009","","","","","","","","","0.0001","","0","","","","","","","","","","","","","","","","","","","","49","0.004320280352090993","0.016207674339127082","0.004320280352090993","0.9679545101599104","0.016207674339127082","0.7588802307777096","",""
"shared_transformer_transcriptome_FC_random3_fold0_innerCV","","","2025-05-04T21:58:25.000Z","401","sweep_kbae8wzf","2025-05-04T22:05:06.000Z","gh014.hpc.nyu.edu","2tcipv2r","-","finished","2025-05-04T22:05:06.000Z","binarize_False, cv_type_random, feature_type_transcriptome, fold0, gene_list_0.2, hemisphere_both, impute_strategy_mirror_interpolate, inner cross validation, model_shared_transformer, null_model_none, omit_subcortical_False, parcellation_S400, sort_genes_refgenome, split_random3, target_FC","","512","","0.2","50","","","0.00009","","","","","","","","","0.0001","","0","","","","","","","","","","","","","","","","","","","","49","0.005612930753222197","0.015441911205506096","0.005612930753222197","0.9359480883075744","0.015441911205506096","0.7381556777955747","",""
"shared_transformer_transcriptome_FC_random7_fold0_final_eval","0.972514790604309","0.6087244320567334","2025-05-04T21:37:16.000Z","1048","sweep_1ud6uk9r","2025-05-04T21:54:44.000Z","gh014.hpc.nyu.edu","4iw8d9fp","-","finished","2025-05-04T21:54:44.000Z","binarize_False, cv_type_random, feature_type_transcriptome, final_eval, gene_list_0.2, hemisphere_both, impute_strategy_mirror_interpolate, model_shared_transformer, null_model_none, omit_subcortical_False, outerfold_0, parcellation_S400, sort_genes_refgenome, split_random7, target_FC","","512","","0.2","50","","","0.00009","","","","","","","","","0.0001","","0.3","","","","","0.01390055721052564","11.191755062882024","0.6309708984817389","0.08259179443120956","0.7017129090705156","0.029631739482283592","0.10879432998941918","0.5267236466544233","15.051445744571703","0.9606938372179588","0.03041195124387741","0.9703773662630316","0.001838905969634652","0.945327946312196","0.9756183772033504","","","","","","","","0.10094313678116752","0.003717758590232433"
"shared_transformer_transcriptome_FC_random2_fold0_final_eval","0.980801631100896","0.7412398716817823","2025-05-04T21:35:44.000Z","1111","sweep_eibdook8","2025-05-04T21:54:15.000Z","gh014.hpc.nyu.edu","sc5onxyy","-","finished","2025-05-04T21:54:15.000Z","binarize_False, cv_type_random, feature_type_transcriptome, final_eval, gene_list_0.2, hemisphere_both, impute_strategy_mirror_interpolate, model_shared_transformer, null_model_none, omit_subcortical_False, outerfold_0, parcellation_S400, sort_genes_refgenome, split_random2, target_FC","","512","","0.2","50","","","0.00009","","","","","","","","","0.0001","","0.1","","","","","0.013605809018302422","11.22085566733333","0.552732185351021","0.08123809844255447","0.7132227972275187","0.0144845899194479","0.533681901278164","0.7955796397064319","13.124031094831178","0.9744006146911606","0.02606470324099064","0.9797348106522692","0.0013358981814235449","0.960842842244465","0.982822800503259","","","","","","","","0.014385807166735712","0.0028919526324545893"
"shared_transformer_transcriptome_FC_random9_fold0_final_eval","0.974421552064844","0.7799125179641537","2025-05-04T21:34:02.000Z","1174","sweep_mnanodmc","2025-05-04T21:53:36.000Z","gh014.hpc.nyu.edu","zexgek4o","-","finished","2025-05-04T21:53:36.000Z","binarize_False, cv_type_random, feature_type_transcriptome, final_eval, gene_list_0.2, hemisphere_both, impute_strategy_mirror_interpolate, model_shared_transformer, null_model_none, omit_subcortical_False, outerfold_0, parcellation_S400, sort_genes_refgenome, split_random9, target_FC","","512","","0.2","50","","","0.00009","","","","","","","","","0.0001","","0.2","","","","","0.01449709373096434","10.12817215887634","0.7141681658004139","0.08118026703596115","0.7481717113185266","0.013606823049485683","0.603975471172099","0.8111587116510323","15.363644004465456","0.9671069063172272","0.029096487909555435","0.971850264968041","0.0016855132998898623","0.94904377254989","0.9761211050220586","","","","","","","","0.01324794610711531","0.004440576245286194"
"shared_transformer_transcriptome_FC_random8_fold0_final_eval","0.9763514423198504","0.7747525124469328","2025-05-04T21:33:48.000Z","1189","sweep_raqzujhb","2025-05-04T21:53:37.000Z","gh014.hpc.nyu.edu","93ug3rqw","-","finished","2025-05-04T21:53:37.000Z","binarize_False, cv_type_random, feature_type_transcriptome, final_eval, gene_list_0.2, hemisphere_both, impute_strategy_mirror_interpolate, model_shared_transformer, null_model_none, omit_subcortical_False, outerfold_0, parcellation_S400, sort_genes_refgenome, split_random8, target_FC","","512","","0.2","50","","","0.00009","","","","","","","","","0.0001","","0.4","","","","","0.014612150521805652","11.299670178331027","0.6808703921863728","0.0803978368639946","0.7418773715644927","0.013057253323495388","0.5926762379783697","0.8042042551992911","15.899705987999438","0.9704724258891833","0.029441149905323986","0.9741894441152368","0.0016494314186275003","0.9514015407639532","0.97856087285297","","","","","","","","0.01272875962492365","0.0031389309593890732"
"shared_transformer_transcriptome_FC_random42_fold0_final_eval","0.9760703808971054","0.7948853763043516","2025-05-04T21:33:42.000Z","1178","sweep_csm6d0pe","2025-05-04T21:53:20.000Z","gh014.hpc.nyu.edu","mo9vx29m","-","finished","2025-05-04T21:53:20.000Z","binarize_False, cv_type_random, feature_type_transcriptome, final_eval, gene_list_0.2, hemisphere_both, impute_strategy_mirror_interpolate, model_shared_transformer, null_model_none, omit_subcortical_False, outerfold_0, parcellation_S400, sort_genes_refgenome, split_random42, target_FC","","512","","0.2","50","","","0.00009","","","","","","","","","0.0001","","0.3","","","","","0.014570800045755906","10.812535789592522","0.6704339030594475","0.07665074616670609","0.7646114093383259","0.012335315346717834","0.6232248862589432","0.8297588207293596","16.151443943120633","0.967016144170266","0.02883424796164036","0.9744805230698066","0.0016393790720030663","0.9516064985336236","0.9786736484843312","","","","","","","","0.012264002293634871","0.0035532644594966183"
"shared_transformer_transcriptome_FC_random1_fold0_final_eval","0.973433217884682","0.7600064771792621","2025-05-04T21:33:29.000Z","1115","sweep_5f1u9hc8","2025-05-04T21:52:04.000Z","gh014.hpc.nyu.edu","b9dbfesu","-","finished","2025-05-04T21:52:04.000Z","binarize_False, cv_type_random, feature_type_transcriptome, final_eval, gene_list_0.2, hemisphere_both, impute_strategy_mirror_interpolate, model_shared_transformer, null_model_none, omit_subcortical_False, outerfold_0, parcellation_S400, sort_genes_refgenome, split_random1, target_FC","","512","","0.2","50","","","0.00009","","","","","","","","","0.0001","","0.1","","","","","0.013965290111417951","11.797229933140684","0.698870515519731","0.07465274631977081","0.7349431930471965","0.013138334266841412","0.5562671220411517","0.7729708834453717","15.064282090448469","0.965680109694626","0.030835183337330815","0.9712488408115316","0.0018361890688538551","0.946854892014064","0.975113892919646","","","","","","","","0.01962248604887953","0.003995988205165524"
"shared_transformer_transcriptome_FC_random7_fold0_innerCV","","","2025-05-04T21:29:12.000Z","482","sweep_1ud6uk9r","2025-05-04T21:37:14.000Z","gh014.hpc.nyu.edu","ktx2o5yx","-","finished","2025-05-04T21:37:14.000Z","binarize_False, cv_type_random, feature_type_transcriptome, fold0, gene_list_0.2, hemisphere_both, impute_strategy_mirror_interpolate, inner cross validation, model_shared_transformer, null_model_none, omit_subcortical_False, parcellation_S400, sort_genes_refgenome, split_random7, target_FC","","512","","0.2","50","","","0.00009","","","","","","","","","0.0001","","0.4","","","","","","","","","","","","","","","","","","","","49","0.00647639254532238","0.015531640213269454","0.00647639254532238","0.9359230268024412","0.015531640213269454","0.711089405504241","",""
"shared_transformer_transcriptome_FC_random2_fold0_innerCV","","","2025-05-04T21:27:33.000Z","488","sweep_eibdook8","2025-05-04T21:35:41.000Z","gh014.hpc.nyu.edu","5zrt404d","-","finished","2025-05-04T21:35:41.000Z","binarize_False, cv_type_random, feature_type_transcriptome, fold0, gene_list_0.2, hemisphere_both, impute_strategy_mirror_interpolate, inner cross validation, model_shared_transformer, null_model_none, omit_subcortical_False, parcellation_S400, sort_genes_refgenome, split_random2, target_FC","","512","","0.2","50","","","0.00009","","","","","","","","","0.0001","","0.4","","","","","","","","","","","","","","","","","","","","49","0.0059667080364162375","0.0143368503329559","0.0059667080364162375","0.9416508162363666","0.0143368503329559","0.7800194735029761","",""
"shared_transformer_transcriptome_FC_random9_fold0_innerCV","","","2025-05-04T21:25:43.000Z","497","sweep_mnanodmc","2025-05-04T21:34:00.000Z","gh014.hpc.nyu.edu","ht1yn0jx","-","finished","2025-05-04T21:34:00.000Z","binarize_False, cv_type_random, feature_type_transcriptome, fold0, gene_list_0.2, hemisphere_both, impute_strategy_mirror_interpolate, inner cross validation, model_shared_transformer, null_model_none, omit_subcortical_False, parcellation_S400, sort_genes_refgenome, split_random9, target_FC","","512","","0.2","50","","","0.00009","","","","","","","","","0.0001","","0.4","","","","","","","","","","","","","","","","","","","","49","0.005370034891558756","0.0160001995615088","0.005370034891558756","0.9592208027601692","0.0160001995615088","0.6724783313061753","",""
"shared_transformer_transcriptome_FC_random8_fold0_innerCV","","","2025-05-04T21:25:24.000Z","502","sweep_raqzujhb","2025-05-04T21:33:46.000Z","gh014.hpc.nyu.edu","jkdwen4w","-","finished","2025-05-04T21:33:46.000Z","binarize_False, cv_type_random, feature_type_transcriptome, fold0, gene_list_0.2, hemisphere_both, impute_strategy_mirror_interpolate, inner cross validation, model_shared_transformer, null_model_none, omit_subcortical_False, parcellation_S400, sort_genes_refgenome, split_random8, target_FC","","512","","0.2","50","","","0.00009","","","","","","","","","0.0001","","0.4","","","","","","","","","","","","","","","","","","","","49","0.007925330163302397","0.014612150521805652","0.007925330163302397","0.9422432513099556","0.014612150521805652","0.7653905561028003","",""
"shared_transformer_transcriptome_FC_random42_fold0_innerCV","","","2025-05-04T21:25:22.000Z","498","sweep_csm6d0pe","2025-05-04T21:33:40.000Z","gh014.hpc.nyu.edu","1zhl29r4","-","finished","2025-05-04T21:33:40.000Z","binarize_False, cv_type_random, feature_type_transcriptome, fold0, gene_list_0.2, hemisphere_both, impute_strategy_mirror_interpolate, inner cross validation, model_shared_transformer, null_model_none, omit_subcortical_False, parcellation_S400, sort_genes_refgenome, split_random42, target_FC","","512","","0.2","50","","","0.00009","","","","","","","","","0.0001","","0.4","","","","","","","","","","","","","","","","","","","","49","0.006765537992082905","0.015279085787299734","0.006765537992082905","0.9310344300745972","0.015279085787299734","0.74467297432914","",""
"shared_transformer_transcriptome_FC_random1_fold0_innerCV","","","2025-05-04T21:25:09.000Z","498","sweep_5f1u9hc8","2025-05-04T21:33:27.000Z","gh014.hpc.nyu.edu","lnwdnaym","-","finished","2025-05-04T21:33:27.000Z","binarize_False, cv_type_random, feature_type_transcriptome, fold0, gene_list_0.2, hemisphere_both, impute_strategy_mirror_interpolate, inner cross validation, model_shared_transformer, null_model_none, omit_subcortical_False, parcellation_S400, sort_genes_refgenome, split_random1, target_FC","","512","","0.2","50","","","0.00009","","","","","","","","","0.0001","","0.4","","","","","","","","","","","","","","","","","","","","49","0.006462279153932439","0.014686676172109753","0.006462279153932439","0.9511419396577024","0.014686676172109753","0.7221661743914055","",""
"shared_transformer_transcriptome_FC_random7_fold0_innerCV","","","2025-05-04T21:20:56.000Z","494","sweep_1ud6uk9r","2025-05-04T21:29:10.000Z","gh014.hpc.nyu.edu","qb14n08p","-","finished","2025-05-04T21:29:10.000Z","binarize_False, cv_type_random, feature_type_transcriptome, fold0, gene_list_0.2, hemisphere_both, impute_strategy_mirror_interpolate, inner cross validation, model_shared_transformer, null_model_none, omit_subcortical_False, parcellation_S400, sort_genes_refgenome, split_random7, target_FC","","512","","0.2","50","","","0.00009","","","","","","","","","0.0001","","0.3","","","","","","","","","","","","","","","","","","","","49","0.0051826104374215155","0.01390055721052564","0.0051826104374215155","0.9619058973059322","0.01390055721052564","0.7465811121215341","",""
"shared_transformer_transcriptome_FC_random2_fold0_innerCV","","","2025-05-04T21:19:18.000Z","491","sweep_eibdook8","2025-05-04T21:27:29.000Z","gh014.hpc.nyu.edu","6alj6dxr","-","finished","2025-05-04T21:27:29.000Z","binarize_False, cv_type_random, feature_type_transcriptome, fold0, gene_list_0.2, hemisphere_both, impute_strategy_mirror_interpolate, inner cross validation, model_shared_transformer, null_model_none, omit_subcortical_False, parcellation_S400, sort_genes_refgenome, split_random2, target_FC","","512","","0.2","50","","","0.00009","","","","","","","","","0.0001","","0.3","","","","","","","","","","","","","","","","","","","","49","0.005770970398726144","0.01445647246705798","0.005770970398726144","0.940664657112802","0.01445647246705798","0.7822351584480736","",""
"shared_transformer_transcriptome_FC_random9_fold0_innerCV","","","2025-05-04T21:17:27.000Z","493","sweep_mnanodmc","2025-05-04T21:25:40.000Z","gh014.hpc.nyu.edu","wi4b8dtj","-","finished","2025-05-04T21:25:40.000Z","binarize_False, cv_type_random, feature_type_transcriptome, fold0, gene_list_0.2, hemisphere_both, impute_strategy_mirror_interpolate, inner cross validation, model_shared_transformer, null_model_none, omit_subcortical_False, parcellation_S400, sort_genes_refgenome, split_random9, target_FC","","512","","0.2","50","","","0.00009","","","","","","","","","0.0001","","0.3","","","","","","","","","","","","","","","","","","","","49","0.005410942645503743","0.016003515257929955","0.005410942645503743","0.9594616329452408","0.016003515257929955","0.6784963606714524","",""
"shared_transformer_transcriptome_FC_random42_fold0_innerCV","","","2025-05-04T21:17:01.000Z","499","sweep_csm6d0pe","2025-05-04T21:25:20.000Z","gh014.hpc.nyu.edu","nyl3hsis","-","finished","2025-05-04T21:25:20.000Z","binarize_False, cv_type_random, feature_type_transcriptome, fold0, gene_list_0.2, hemisphere_both, impute_strategy_mirror_interpolate, inner cross validation, model_shared_transformer, null_model_none, omit_subcortical_False, parcellation_S400, sort_genes_refgenome, split_random42, target_FC","","512","","0.2","50","","","0.00009","","","","","","","","","0.0001","","0.3","","","","","","","","","","","","","","","","","","","","49","0.006356485220280909","0.014570800045755906","0.006356485220280909","0.9449376576690334","0.014570800045755906","0.7586187588352938","",""
"shared_transformer_transcriptome_FC_random8_fold0_innerCV","","","2025-05-04T21:16:59.000Z","500","sweep_raqzujhb","2025-05-04T21:25:19.000Z","gh014.hpc.nyu.edu","292wmydm","-","finished","2025-05-04T21:25:19.000Z","binarize_False, cv_type_random, feature_type_transcriptome, fold0, gene_list_0.2, hemisphere_both, impute_strategy_mirror_interpolate, inner cross validation, model_shared_transformer, null_model_none, omit_subcortical_False, parcellation_S400, sort_genes_refgenome, split_random8, target_FC","","512","","0.2","50","","","0.00009","","","","","","","","","0.0001","","0.3","","","","","","","","","","","","","","","","","","","","49","0.006980226388994125","0.0156457694605566","0.006980226388994125","0.9403282585451656","0.0156457694605566","0.7487902704137896","",""
"shared_transformer_transcriptome_FC_random1_fold0_innerCV","","","2025-05-04T21:16:49.000Z","495","sweep_5f1u9hc8","2025-05-04T21:25:04.000Z","gh014.hpc.nyu.edu","t4wylvqn","-","finished","2025-05-04T21:25:04.000Z","binarize_False, cv_type_random, feature_type_transcriptome, fold0, gene_list_0.2, hemisphere_both, impute_strategy_mirror_interpolate, inner cross validation, model_shared_transformer, null_model_none, omit_subcortical_False, parcellation_S400, sort_genes_refgenome, split_random1, target_FC","","512","","0.2","50","","","0.00009","","","","","","","","","0.0001","","0.3","","","","","","","","","","","","","","","","","","","","49","0.005012573291649028","0.01450412433881026","0.005012573291649028","0.9677316296160848","0.01450412433881026","0.7307541067333138","",""
"shared_transformer_transcriptome_FC_random7_fold0_innerCV","","","2025-05-04T21:12:36.000Z","495","sweep_1ud6uk9r","2025-05-04T21:20:51.000Z","gh014.hpc.nyu.edu","wry4gdkk","-","finished","2025-05-04T21:20:51.000Z","binarize_False, cv_type_random, feature_type_transcriptome, fold0, gene_list_0.2, hemisphere_both, impute_strategy_mirror_interpolate, inner cross validation, model_shared_transformer, null_model_none, omit_subcortical_False, parcellation_S400, sort_genes_refgenome, split_random7, target_FC","","512","","0.2","50","","","0.00009","","","","","","","","","0.0001","","0.2","","","","","","","","","","","","","","","","","","","","49","0.005352838527374338","0.014883887954056265","0.005352838527374338","0.9451273384553311","0.014883887954056265","0.7240844688090798","",""
"shared_transformer_transcriptome_FC_random2_fold0_innerCV","","","2025-05-04T21:11:02.000Z","491","sweep_eibdook8","2025-05-04T21:19:13.000Z","gh014.hpc.nyu.edu","anmwe5cd","-","finished","2025-05-04T21:19:13.000Z","binarize_False, cv_type_random, feature_type_transcriptome, fold0, gene_list_0.2, hemisphere_both, impute_strategy_mirror_interpolate, inner cross validation, model_shared_transformer, null_model_none, omit_subcortical_False, parcellation_S400, sort_genes_refgenome, split_random2, target_FC","","512","","0.2","50","","","0.00009","","","","","","","","","0.0001","","0.2","","","","","","","","","","","","","","","","","","","","49","0.0058395978671931985","0.013793978571461944","0.0058395978671931985","0.9482713835372176","0.013793978571461944","0.7968221896597665","",""
"shared_transformer_transcriptome_FC_random9_fold0_innerCV","","","2025-05-04T21:09:12.000Z","492","sweep_mnanodmc","2025-05-04T21:17:24.000Z","gh014.hpc.nyu.edu","tw3ohk8l","-","finished","2025-05-04T21:17:24.000Z","binarize_False, cv_type_random, feature_type_transcriptome, fold0, gene_list_0.2, hemisphere_both, impute_strategy_mirror_interpolate, inner cross validation, model_shared_transformer, null_model_none, omit_subcortical_False, parcellation_S400, sort_genes_refgenome, split_random9, target_FC","","512","","0.2","50","","","0.00009","","","","","","","","","0.0001","","0.2","","","","","","","","","","","","","","","","","","","","49","0.00510343076605903","0.01449709373096434","0.00510343076605903","0.9638136669593708","0.01449709373096434","0.7019771456261046","",""
"shared_transformer_transcriptome_FC_random42_fold0_innerCV","","","2025-05-04T21:08:41.000Z","497","sweep_csm6d0pe","2025-05-04T21:16:58.000Z","gh014.hpc.nyu.edu","sxjhavps","-","finished","2025-05-04T21:16:58.000Z","binarize_False, cv_type_random, feature_type_transcriptome, fold0, gene_list_0.2, hemisphere_both, impute_strategy_mirror_interpolate, inner cross validation, model_shared_transformer, null_model_none, omit_subcortical_False, parcellation_S400, sort_genes_refgenome, split_random42, target_FC","","512","","0.2","50","","","0.00009","","","","","","","","","0.0001","","0.2","","","","","","","","","","","","","","","","","","","","49","0.006228574523978894","0.01731396188887839","0.006228574523978894","0.9183066020707528","0.01731396188887839","0.7088778598194811","",""
"shared_transformer_transcriptome_FC_random8_fold0_innerCV","","","2025-05-04T21:08:33.000Z","501","sweep_raqzujhb","2025-05-04T21:16:54.000Z","gh014.hpc.nyu.edu","589q38fq","-","finished","2025-05-04T21:16:54.000Z","binarize_False, cv_type_random, feature_type_transcriptome, fold0, gene_list_0.2, hemisphere_both, impute_strategy_mirror_interpolate, inner cross validation, model_shared_transformer, null_model_none, omit_subcortical_False, parcellation_S400, sort_genes_refgenome, split_random8, target_FC","","512","","0.2","50","","","0.00009","","","","","","","","","0.0001","","0.2","","","","","","","","","","","","","","","","","","","","49","0.0064152901955317745","0.01697935271435059","0.0064152901955317745","0.9367940821332764","0.01697935271435059","0.750144542697845","",""
"shared_transformer_transcriptome_FC_random1_fold0_innerCV","","","2025-05-04T21:08:28.000Z","499","sweep_5f1u9hc8","2025-05-04T21:16:47.000Z","gh014.hpc.nyu.edu","pvoati76","-","finished","2025-05-04T21:16:47.000Z","binarize_False, cv_type_random, feature_type_transcriptome, fold0, gene_list_0.2, hemisphere_both, impute_strategy_mirror_interpolate, inner cross validation, model_shared_transformer, null_model_none, omit_subcortical_False, parcellation_S400, sort_genes_refgenome, split_random1, target_FC","","512","","0.2","50","","","0.00009","","","","","","","","","0.0001","","0.2","","","","","","","","","","","","","","","","","","","","49","0.006393275906027543","0.015262061264365911","0.006393275906027543","0.9609204786394638","0.015262061264365911","0.7214454267470635","",""
"shared_transformer_transcriptome_FC_random7_fold0_innerCV","","","2025-05-04T21:04:00.000Z","511","sweep_1ud6uk9r","2025-05-04T21:12:31.000Z","gh014.hpc.nyu.edu","4x51q4mj","-","finished","2025-05-04T21:12:31.000Z","binarize_False, cv_type_random, feature_type_transcriptome, fold0, gene_list_0.2, hemisphere_both, impute_strategy_mirror_interpolate, inner cross validation, model_shared_transformer, null_model_none, omit_subcortical_False, parcellation_S400, sort_genes_refgenome, split_random7, target_FC","","512","","0.2","50","","","0.00009","","","","","","","","","0.0001","","0.1","","","","","","","","","","","","","","","","","","","","49","0.005382374860346317","0.014759780158503698","0.005382374860346317","0.9547470219578276","0.014759780158503698","0.7208864338815912","",""
"shared_transformer_transcriptome_FC_random2_fold0_innerCV","","","2025-05-04T20:56:59.000Z","841","sweep_eibdook8","2025-05-04T21:11:00.000Z","gh014.hpc.nyu.edu","8vych1zh","-","finished","2025-05-04T21:11:00.000Z","binarize_False, cv_type_random, feature_type_transcriptome, fold0, gene_list_0.2, hemisphere_both, impute_strategy_mirror_interpolate, inner cross validation, model_shared_transformer, null_model_none, omit_subcortical_False, parcellation_S400, sort_genes_refgenome, split_random2, target_FC","","512","","0.2","50","","","0.00009","","","","","","","","","0.0001","","0.1","","","","","","","","","","","","","","","","","","","","49","0.005320481679374629","0.013605809018302422","0.005320481679374629","0.9543792939435908","0.013605809018302422","0.7974588339217457","",""
"shared_transformer_transcriptome_FC_random9_fold0_innerCV","","","2025-05-04T20:54:36.000Z","871","sweep_mnanodmc","2025-05-04T21:09:07.000Z","gh014.hpc.nyu.edu","phtc7jfu","-","finished","2025-05-04T21:09:07.000Z","binarize_False, cv_type_random, feature_type_transcriptome, fold0, gene_list_0.2, hemisphere_both, impute_strategy_mirror_interpolate, inner cross validation, model_shared_transformer, null_model_none, omit_subcortical_False, parcellation_S400, sort_genes_refgenome, split_random9, target_FC","","512","","0.2","50","","","0.00009","","","","","","","","","0.0001","","0.1","","","","","","","","","","","","","","","","","","","","49","0.0051717754628619935","0.014931714632369293","0.0051717754628619935","0.9620886754838986","0.014931714632369293","0.6930497609525692","",""
"shared_transformer_transcriptome_FC_random42_fold0_innerCV","","","2025-05-04T20:54:01.000Z","875","sweep_csm6d0pe","2025-05-04T21:08:36.000Z","gh014.hpc.nyu.edu","gixj9hbz","-","finished","2025-05-04T21:08:36.000Z","binarize_False, cv_type_random, feature_type_transcriptome, fold0, gene_list_0.2, hemisphere_both, impute_strategy_mirror_interpolate, inner cross validation, model_shared_transformer, null_model_none, omit_subcortical_False, parcellation_S400, sort_genes_refgenome, split_random42, target_FC","","512","","0.2","50","","","0.00009","","","","","","","","","0.0001","","0.1","","","","","","","","","","","","","","","","","","","","49","0.006691570587382459","0.017067036931761183","0.006691570587382459","0.919274983365093","0.017067036931761183","0.7069443991849983","",""
"shared_transformer_transcriptome_FC_random8_fold0_innerCV","","","2025-05-04T20:53:51.000Z","878","sweep_raqzujhb","2025-05-04T21:08:29.000Z","gh014.hpc.nyu.edu","t7h66owd","-","finished","2025-05-04T21:08:29.000Z","binarize_False, cv_type_random, feature_type_transcriptome, fold0, gene_list_0.2, hemisphere_both, impute_strategy_mirror_interpolate, inner cross validation, model_shared_transformer, null_model_none, omit_subcortical_False, parcellation_S400, sort_genes_refgenome, split_random8, target_FC","","512","","0.2","50","","","0.00009","","","","","","","","","0.0001","","0.1","","","","","","","","","","","","","","","","","","","","49","0.006354718183231826","0.01573762258228201","0.006354718183231826","0.9363110813502704","0.01573762258228201","0.7573762805613754","",""
"shared_transformer_transcriptome_FC_random1_fold0_innerCV","","","2025-05-04T20:53:50.000Z","875","sweep_5f1u9hc8","2025-05-04T21:08:25.000Z","gh014.hpc.nyu.edu","7mz9ljv4","-","finished","2025-05-04T21:08:25.000Z","binarize_False, cv_type_random, feature_type_transcriptome, fold0, gene_list_0.2, hemisphere_both, impute_strategy_mirror_interpolate, inner cross validation, model_shared_transformer, null_model_none, omit_subcortical_False, parcellation_S400, sort_genes_refgenome, split_random1, target_FC","","512","","0.2","50","","","0.00009","","","","","","","","","0.0001","","0.1","","","","","","","","","","","","","","","","","","","","49","0.00486353415267376","0.013965290111417951","0.00486353415267376","0.9702102037812672","0.013965290111417951","0.7413927915819497","",""
"shared_transformer_transcriptome_FC_random7_fold0_innerCV","","","2025-05-04T20:48:09.000Z","950","sweep_1ud6uk9r","2025-05-04T21:03:59.000Z","gh014.hpc.nyu.edu","aloyulcu","-","finished","2025-05-04T21:03:59.000Z","binarize_False, cv_type_random, feature_type_transcriptome, fold0, gene_list_0.2, hemisphere_both, impute_strategy_mirror_interpolate, inner cross validation, model_shared_transformer, null_model_none, omit_subcortical_False, parcellation_S400, sort_genes_refgenome, split_random7, target_FC","","512","","0.2","50","","","0.00009","","","","","","","","","0.0001","","0","","","","","","","","","","","","","","","","","","","","49","0.004974573140613513","0.01517782983585046","0.004974573140613513","0.96307177722009","0.01517782983585046","0.7173167961990186","",""
"shared_transformer_transcriptome_FC_random2_fold0_innerCV","","","2025-05-04T20:46:03.000Z","652","sweep_eibdook8","2025-05-04T20:56:55.000Z","gh014.hpc.nyu.edu","2gi7pndv","-","finished","2025-05-04T20:56:55.000Z","binarize_False, cv_type_random, feature_type_transcriptome, fold0, gene_list_0.2, hemisphere_both, impute_strategy_mirror_interpolate, inner cross validation, model_shared_transformer, null_model_none, omit_subcortical_False, parcellation_S400, sort_genes_refgenome, split_random2, target_FC","","512","","0.2","50","","","0.00009","","","","","","","","","0.0001","","0","","","","","","","","","","","","","","","","","","","","49","0.004975821052926896","0.017175202472851828","0.004975821052926896","0.9332651294334944","0.017175202472851828","0.738574149792551","",""
"shared_transformer_transcriptome_FC_random9_fold0_innerCV","","","2025-05-04T20:44:39.000Z","591","sweep_mnanodmc","2025-05-04T20:54:30.000Z","gh014.hpc.nyu.edu","ac8d8wl0","-","finished","2025-05-04T20:54:30.000Z","binarize_False, cv_type_random, feature_type_transcriptome, fold0, gene_list_0.2, hemisphere_both, impute_strategy_mirror_interpolate, inner cross validation, model_shared_transformer, null_model_none, omit_subcortical_False, parcellation_S400, sort_genes_refgenome, split_random9, target_FC","","512","","0.2","50","","","0.00009","","","","","","","","","0.0001","","0","","","","","","","","","","","","","","","","","","","","49","0.005366091985292364","0.016153131396724627","0.005366091985292364","0.9626145757815991","0.016153131396724627","0.6670939809106777","",""
"shared_transformer_transcriptome_FC_random8_fold0_innerCV","","","2025-05-04T20:43:58.000Z","590","sweep_raqzujhb","2025-05-04T20:53:48.000Z","gh014.hpc.nyu.edu","hijqudn1","-","finished","2025-05-04T20:53:48.000Z","binarize_False, cv_type_random, feature_type_transcriptome, fold0, gene_list_0.2, hemisphere_both, impute_strategy_mirror_interpolate, inner cross validation, model_shared_transformer, null_model_none, omit_subcortical_False, parcellation_S400, sort_genes_refgenome, split_random8, target_FC","","512","","0.2","50","","","0.00009","","","","","","","","","0.0001","","0","","","","","","","","","","","","","","","","","","","","49","0.00557335859422784","0.016028592864481304","0.00557335859422784","0.9239161750611928","0.016028592864481304","0.7365073100909105","",""
"shared_transformer_transcriptome_FC_random42_fold0_innerCV","","","2025-05-04T20:43:36.000Z","622","sweep_csm6d0pe","2025-05-04T20:53:58.000Z","gh014.hpc.nyu.edu","uunq204j","-","finished","2025-05-04T20:53:58.000Z","binarize_False, cv_type_random, feature_type_transcriptome, fold0, gene_list_0.2, hemisphere_both, impute_strategy_mirror_interpolate, inner cross validation, model_shared_transformer, null_model_none, omit_subcortical_False, parcellation_S400, sort_genes_refgenome, split_random42, target_FC","","512","","0.2","50","","","0.00009","","","","","","","","","0.0001","","0","","","","","","","","","","","","","","","","","","","","49","0.005580243244213928","0.017612691091087002","0.005580243244213928","0.925592054282872","0.017612691091087002","0.6958934908154291","",""
"shared_transformer_transcriptome_FC_random1_fold0_innerCV","","","2025-05-04T20:43:36.000Z","612","sweep_5f1u9hc8","2025-05-04T20:53:48.000Z","gh014.hpc.nyu.edu","jvg8mmpn","-","finished","2025-05-04T20:53:48.000Z","binarize_False, cv_type_random, feature_type_transcriptome, fold0, gene_list_0.2, hemisphere_both, impute_strategy_mirror_interpolate, inner cross validation, model_shared_transformer, null_model_none, omit_subcortical_False, parcellation_S400, sort_genes_refgenome, split_random1, target_FC","","512","","0.2","50","","","0.00009","","","","","","","","","0.0001","","0","","","","","","","","","","","","","","","","","","","","49","0.004991923578747428","0.01567811363090116","0.004991923578747428","0.9660164948601044","0.01567811363090116","0.7114950116509953","",""