"Name","final_test_metrics.pearson_r","Created","Runtime","GitHub","Group","End Time","Hostname","Notes","State","Sweep","Updated","Tags","epochs","lambda_reg","reduced_dim","best_val_loss","final_test_metrics.geodesic_distance","final_test_metrics.long_r","final_test_metrics.mae","final_test_metrics.mid_r","final_test_metrics.mse","final_test_metrics.r2","final_test_metrics.short_r","final_train_metrics.geodesic_distance","final_train_metrics.long_r","final_train_metrics.mae","final_train_metrics.mid_r","final_train_metrics.mse","final_train_metrics.pearson_r","final_train_metrics.r2","final_train_metrics.short_r","fold0_epoch","fold0_train_loss","fold0_val_loss","inner_fold","mean_train_loss","mean_train_pearson","mean_val_loss","mean_val_pearson","test_mse_loss","train_mse_loss"
"bilinear_lowrank_transcriptome_FC_random9_fold3_final_eval","0.8323040649602162","2025-05-08T21:49:55.000Z","503","https://github.com/neuroinfolab/GeneEx2Conn/tree/f306ba7119a0469a7c6d8fba75bc4cb5e00d0dd8","sweep_5t2xlnyz","2025-05-08T21:58:18.000Z","ga017.hpc.nyu.edu","-","finished","","2025-05-08T21:58:18.000Z","binarize_False, cv_type_random, feature_type_transcriptome, final_eval, gene_list_0.2, hemisphere_both, impute_strategy_mirror_interpolate, model_bilinear_lowrank, null_model_none, omit_subcortical_False, outerfold_3, parcellation_S400, sort_genes_refgenome, split_random9, target_FC","125","0.001","8","0","9.542788335081426","0.7682919294281553","0.07830169796943665","0.7935520675716","0.011259534396231174","0.6922208801920009","0.8531140550036006","17.748491346636953","0.9213081450589976","0.04623076319694519","0.9289922879012829","0.00436613243073225","0.9323049149407956","0.8673599138222596","0.9329629464745344","","","","","","","","","0.0135572743229568","0.006739549872898415"
"bilinear_lowrank_transcriptome_FC_random9_fold2_final_eval","0.7757294539985121","2025-05-08T21:41:34.000Z","499","https://github.com/neuroinfolab/GeneEx2Conn/tree/f306ba7119a0469a7c6d8fba75bc4cb5e00d0dd8","sweep_5t2xlnyz","2025-05-08T21:49:53.000Z","ga017.hpc.nyu.edu","-","finished","","2025-05-08T21:49:53.000Z","binarize_False, cv_type_random, feature_type_transcriptome, final_eval, gene_list_0.2, hemisphere_both, impute_strategy_mirror_interpolate, model_bilinear_lowrank, null_model_none, omit_subcortical_False, outerfold_2, parcellation_S400, sort_genes_refgenome, split_random9, target_FC","125","0.001","8","0","10.521220671990578","0.7375495630697888","0.08388365060091019","0.7537146086733628","0.013800379820168018","0.601579148240827","0.7862075899919448","17.65117960348535","0.9102447610188082","0.047430407255887985","0.9232013992952216","0.0046233306638896465","0.9288130037339252","0.8613299732081128","0.9322472222269598","","","","","","","","","0.016105039775663733","0.0069004806235564205"
"bilinear_lowrank_transcriptome_FC_random9_fold1_final_eval","0.708826950724659","2025-05-08T22:29:32.000Z","513","https://github.com/neuroinfolab/GeneEx2Conn/tree/f306ba7119a0469a7c6d8fba75bc4cb5e00d0dd8","sweep_r3bj3n0h","2025-05-08T22:38:05.000Z","ga017.hpc.nyu.edu","-","finished","","2025-05-08T22:38:05.000Z","binarize_False, cv_type_random, feature_type_transcriptome, final_eval, gene_list_0.2, hemisphere_both, impute_strategy_mirror_interpolate, model_bilinear_lowrank, null_model_none, omit_subcortical_False, outerfold_1, parcellation_S400, sort_genes_refgenome, split_random9, target_FC","125","0.001","10","0","11.261296087666825","0.5990241429082734","0.085660420358181","0.6796240177836832","0.014613322913646698","0.5009015496647646","0.7534878487152055","15.582867578645","0.931011897502023","0.043085552752017975","0.9387415883016692","0.003854986047372222","0.9438137042334735","0.8895294214347285","0.9449744864690356","","","","","","","","","0.016874823089250746","0.006279423040344029"
"bilinear_lowrank_transcriptome_FC_random9_fold0_final_eval","0.7711438111513548","2025-05-08T21:25:27.000Z","508","https://github.com/neuroinfolab/GeneEx2Conn/tree/f306ba7119a0469a7c6d8fba75bc4cb5e00d0dd8","sweep_5t2xlnyz","2025-05-08T21:33:55.000Z","ga017.hpc.nyu.edu","-","finished","","2025-05-08T21:33:55.000Z","binarize_False, cv_type_random, feature_type_transcriptome, final_eval, gene_list_0.2, hemisphere_both, impute_strategy_mirror_interpolate, model_bilinear_lowrank, null_model_none, omit_subcortical_False, outerfold_0, parcellation_S400, sort_genes_refgenome, split_random9, target_FC","125","0.001","8","0","10.51643895696924","0.7034649882085184","0.08490972220897675","0.740895963081555","0.014025714248418808","0.5917837470398933","0.8032365331108634","17.209756196623452","0.925729747056751","0.044072095304727554","0.9347216777680084","0.003962772898375988","0.93960665858768","0.880197941766119","0.942834397742246","","","","","","","","","0.01623979130504178","0.006229690690350125"
"bilinear_lowrank_transcriptome_FC_random8_fold3_final_eval","0.6548044973455942","2025-05-08T21:21:23.000Z","208","https://github.com/neuroinfolab/GeneEx2Conn/tree/f306ba7119a0469a7c6d8fba75bc4cb5e00d0dd8","sweep_8h6uj7l5","2025-05-08T21:24:51.000Z","ga017.hpc.nyu.edu","-","finished","","2025-05-08T21:24:51.000Z","binarize_False, cv_type_random, feature_type_transcriptome, final_eval, gene_list_0.2, hemisphere_both, impute_strategy_mirror_interpolate, model_bilinear_lowrank, null_model_none, omit_subcortical_False, outerfold_3, parcellation_S400, sort_genes_refgenome, split_random8, target_FC","125","0.001","8","0","11.322072566854056","0.5998688234710892","0.10127416253089903","0.6124116577166034","0.01795263960957527","0.4031119776783497","0.68216463294131","17.83030096181252","0.8267569242555821","0.07598699629306793","0.8276679507287609","0.010271722450852394","0.8430917407470983","0.7028796382217282","0.8706419082088886","","","","","","","","","0.01995519706979394","0.009362438486341648"
"bilinear_lowrank_transcriptome_FC_random8_fold2_final_eval","0.7641560014212985","2025-05-08T21:13:31.000Z","470","https://github.com/neuroinfolab/GeneEx2Conn/tree/f306ba7119a0469a7c6d8fba75bc4cb5e00d0dd8","sweep_8h6uj7l5","2025-05-08T21:21:21.000Z","ga017.hpc.nyu.edu","-","finished","","2025-05-08T21:21:21.000Z","binarize_False, cv_type_random, feature_type_transcriptome, final_eval, gene_list_0.2, hemisphere_both, impute_strategy_mirror_interpolate, model_bilinear_lowrank, null_model_none, omit_subcortical_False, outerfold_2, parcellation_S400, sort_genes_refgenome, split_random8, target_FC","125","0.001","8","0","11.255287411897385","0.719260611630502","0.0879562497138977","0.7034204608880748","0.015102725476026537","0.5828938234202796","0.8087895446270572","17.387639266981466","0.915432657761653","0.047285471111536026","0.9244654504579476","0.004562068730592728","0.9288961545074852","0.8601019462807847","0.9276190557451708","","","","","","","","","0.017258351906111427","0.006806403461218736"
"bilinear_lowrank_transcriptome_FC_random8_fold1_final_eval","0.7979588740526183","2025-05-08T21:05:08.000Z","501","https://github.com/neuroinfolab/GeneEx2Conn/tree/f306ba7119a0469a7c6d8fba75bc4cb5e00d0dd8","sweep_8h6uj7l5","2025-05-08T21:13:29.000Z","ga017.hpc.nyu.edu","-","finished","","2025-05-08T21:13:29.000Z","binarize_False, cv_type_random, feature_type_transcriptome, final_eval, gene_list_0.2, hemisphere_both, impute_strategy_mirror_interpolate, model_bilinear_lowrank, null_model_none, omit_subcortical_False, outerfold_1, parcellation_S400, sort_genes_refgenome, split_random8, target_FC","125","0.001","8","0","10.353717505629602","0.7111946609814863","0.08276920765638351","0.7747434937290997","0.012738504447042942","0.6363681060447963","0.8300934801423001","17.071858875995428","0.9124192037944194","0.0470050536096096","0.9243367431583334","0.004541075322777033","0.9293050206665612","0.8621600718284996","0.9306738116200584","","","","","","","","","0.015004209114932549","0.006834472078320141"
"bilinear_lowrank_transcriptome_FC_random8_fold0_final_eval","0.7714857491713428","2025-05-08T20:56:59.000Z","487","https://github.com/neuroinfolab/GeneEx2Conn/tree/f306ba7119a0469a7c6d8fba75bc4cb5e00d0dd8","sweep_8h6uj7l5","2025-05-08T21:05:06.000Z","ga017.hpc.nyu.edu","-","finished","","2025-05-08T21:05:06.000Z","binarize_False, cv_type_random, feature_type_transcriptome, final_eval, gene_list_0.2, hemisphere_both, impute_strategy_mirror_interpolate, model_bilinear_lowrank, null_model_none, omit_subcortical_False, outerfold_0, parcellation_S400, sort_genes_refgenome, split_random8, target_FC","125","0.001","8","0","11.093283742584834","0.6758332935961756","0.0824318528175354","0.7445160676056513","0.01305375061929226","0.5927854935540092","0.7945163130924706","17.67523345984174","0.9148445500968716","0.048766881227493286","0.9193734140122736","0.004852622747421265","0.926786725178274","0.8570234828416359","0.9305155204725176","","","","","","","","","0.015257243432250678","0.007097152292021194"
"bilinear_lowrank_transcriptome_FC_random7_fold3_final_eval","0.7695074679751426","2025-05-08T21:38:47.000Z","523","https://github.com/neuroinfolab/GeneEx2Conn/tree/f306ba7119a0469a7c6d8fba75bc4cb5e00d0dd8","sweep_67pyyofq","2025-05-08T21:47:30.000Z","ga017.hpc.nyu.edu","-","finished","","2025-05-08T21:47:30.000Z","binarize_False, cv_type_random, feature_type_transcriptome, final_eval, gene_list_0.2, hemisphere_both, impute_strategy_mirror_interpolate, model_bilinear_lowrank, null_model_none, omit_subcortical_False, outerfold_3, parcellation_S400, sort_genes_refgenome, split_random7, target_FC","125","0.001","8","0","10.477336837773802","0.7451844299800947","0.08581926673650742","0.7272218274646968","0.013428146950900556","0.5878075077680751","0.7987443281187925","18.01569195470322","0.9118533864146092","0.05045420676469803","0.9160231986712646","0.005191894713789225","0.9220014902561364","0.8471907753513523","0.9225332966234218","","","","","","","","","0.015596775645390151","0.007513183444787405"
"bilinear_lowrank_transcriptome_FC_random7_fold2_final_eval","0.8012237087838328","2025-05-08T21:30:16.000Z","509","https://github.com/neuroinfolab/GeneEx2Conn/tree/f306ba7119a0469a7c6d8fba75bc4cb5e00d0dd8","sweep_67pyyofq","2025-05-08T21:38:45.000Z","ga017.hpc.nyu.edu","-","finished","","2025-05-08T21:38:45.000Z","binarize_False, cv_type_random, feature_type_transcriptome, final_eval, gene_list_0.2, hemisphere_both, impute_strategy_mirror_interpolate, model_bilinear_lowrank, null_model_none, omit_subcortical_False, outerfold_2, parcellation_S400, sort_genes_refgenome, split_random7, target_FC","125","0.001","8","0","10.878393295117805","0.7196612050057933","0.08494403213262558","0.7682065184470513","0.013106868602335451","0.6418253305842039","0.8385178202295669","17.019618758773113","0.932793905334883","0.04210178926587105","0.9382784024795384","0.003682179842144251","0.9416207739766698","0.8856859889208124","0.9408125314133148","","","","","","","","","0.015379658114968562","0.006073264752578393"
"bilinear_lowrank_transcriptome_FC_random7_fold1_final_eval","0.7436853982929924","2025-05-08T21:21:42.000Z","512","https://github.com/neuroinfolab/GeneEx2Conn/tree/f306ba7119a0469a7c6d8fba75bc4cb5e00d0dd8","sweep_67pyyofq","2025-05-08T21:30:14.000Z","ga017.hpc.nyu.edu","-","finished","","2025-05-08T21:30:14.000Z","binarize_False, cv_type_random, feature_type_transcriptome, final_eval, gene_list_0.2, hemisphere_both, impute_strategy_mirror_interpolate, model_bilinear_lowrank, null_model_none, omit_subcortical_False, outerfold_1, parcellation_S400, sort_genes_refgenome, split_random7, target_FC","125","0.001","8","0","11.768102874275607","0.656505425445089","0.0840165764093399","0.7088525607290219","0.013849367387592793","0.5529612046459194","0.7717425940915879","17.281946771911972","0.9146885367754956","0.047051940113306046","0.927875332298854","0.00450907601043582","0.9322928663366734","0.8683466443224763","0.9338733822270466","","","","","","","","","0.01608274271711707","0.0067812651179928254"
"bilinear_lowrank_transcriptome_FC_random7_fold0_final_eval","0.7564976299410671","2025-05-08T21:16:18.000Z","323","https://github.com/neuroinfolab/GeneEx2Conn/tree/f306ba7119a0469a7c6d8fba75bc4cb5e00d0dd8","sweep_67pyyofq","2025-05-08T21:21:41.000Z","ga017.hpc.nyu.edu","-","finished","","2025-05-08T21:21:41.000Z","binarize_False, cv_type_random, feature_type_transcriptome, final_eval, gene_list_0.2, hemisphere_both, impute_strategy_mirror_interpolate, model_bilinear_lowrank, null_model_none, omit_subcortical_False, outerfold_0, parcellation_S400, sort_genes_refgenome, split_random7, target_FC","125","0.001","8","0","11.248631042417593","0.7094334486279081","0.08778689801692963","0.7197505611858773","0.01439040619879961","0.5671934416971027","0.7840150767024873","17.551779366411328","0.9071688196834732","0.05375482887029648","0.9084284057481044","0.005451696924865246","0.915841018314302","0.8379169575961812","0.9173295188676452","","","","","","","","","0.016687591925409494","0.007273939017732741"
"bilinear_lowrank_transcriptome_FC_random6_fold3_final_eval","0.783891566093283","2025-05-08T21:08:27.000Z","435","https://github.com/neuroinfolab/GeneEx2Conn/tree/f306ba7119a0469a7c6d8fba75bc4cb5e00d0dd8","sweep_0v26423c","2025-05-08T21:15:42.000Z","ga017.hpc.nyu.edu","-","finished","","2025-05-08T21:15:42.000Z","binarize_False, cv_type_random, feature_type_transcriptome, final_eval, gene_list_0.2, hemisphere_both, impute_strategy_mirror_interpolate, model_bilinear_lowrank, null_model_none, omit_subcortical_False, outerfold_3, parcellation_S400, sort_genes_refgenome, split_random6, target_FC","125","0.001","8","0","10.591672011844375","0.7702225420406237","0.07933846116065979","0.7712305616275084","0.012050077319145204","0.6141781619861326","0.7847338431110261","17.685194290788242","0.9163405387465334","0.047204624861478806","0.926250308357146","0.004550150595605373","0.9315930999959734","0.8668656642464311","0.9306021858488216","","","","","","","","","0.01429191891103983","0.006905941781792136"
"bilinear_lowrank_transcriptome_FC_random6_fold2_final_eval","0.8038746536317483","2025-05-08T21:00:07.000Z","499","https://github.com/neuroinfolab/GeneEx2Conn/tree/f306ba7119a0469a7c6d8fba75bc4cb5e00d0dd8","sweep_0v26423c","2025-05-08T21:08:26.000Z","ga017.hpc.nyu.edu","-","finished","","2025-05-08T21:08:26.000Z","binarize_False, cv_type_random, feature_type_transcriptome, final_eval, gene_list_0.2, hemisphere_both, impute_strategy_mirror_interpolate, model_bilinear_lowrank, null_model_none, omit_subcortical_False, outerfold_2, parcellation_S400, sort_genes_refgenome, split_random6, target_FC","125","0.001","8","0","12.315545790020066","0.7059947290184613","0.08075503259897232","0.7826559664697088","0.012183005921542645","0.6460525533210411","0.8121836487914803","17.41049065976127","0.9213254274387246","0.04605482146143913","0.9273348740781602","0.004350040573626757","0.9326885326212342","0.8686427034522353","0.935618127682562","","","","","","","","","0.014504622120191067","0.0067415052519136705"
"bilinear_lowrank_transcriptome_FC_random6_fold1_final_eval","0.781455297185934","2025-05-08T20:53:42.000Z","383","https://github.com/neuroinfolab/GeneEx2Conn/tree/f306ba7119a0469a7c6d8fba75bc4cb5e00d0dd8","sweep_0v26423c","2025-05-08T21:00:05.000Z","ga017.hpc.nyu.edu","-","finished","","2025-05-08T21:00:05.000Z","binarize_False, cv_type_random, feature_type_transcriptome, final_eval, gene_list_0.2, hemisphere_both, impute_strategy_mirror_interpolate, model_bilinear_lowrank, null_model_none, omit_subcortical_False, outerfold_1, parcellation_S400, sort_genes_refgenome, split_random6, target_FC","125","0.001","8","0","10.479699889460653","0.666937268031545","0.0814209058880806","0.7405811965218312","0.012645610608160496","0.6060006363287462","0.8217915120987489","17.414516934052372","0.9250301327225288","0.04487228766083717","0.9347892705719744","0.004110136069357395","0.9376194595846484","0.8781411506403242","0.9384699264265376","","","","","","","","","0.015016655665913634","0.006567583985782946"
"bilinear_lowrank_transcriptome_FC_random6_fold0_final_eval","0.750894350580258","2025-05-08T20:45:18.000Z","502","https://github.com/neuroinfolab/GeneEx2Conn/tree/f306ba7119a0469a7c6d8fba75bc4cb5e00d0dd8","sweep_0v26423c","2025-05-08T20:53:40.000Z","ga017.hpc.nyu.edu","-","finished","","2025-05-08T20:53:40.000Z","binarize_False, cv_type_random, feature_type_transcriptome, final_eval, gene_list_0.2, hemisphere_both, impute_strategy_mirror_interpolate, model_bilinear_lowrank, null_model_none, omit_subcortical_False, outerfold_0, parcellation_S400, sort_genes_refgenome, split_random6, target_FC","125","0.001","8","0","11.3728629198043","0.6377414118454896","0.08780448883771896","0.712216264609179","0.015285206027328968","0.5627331608910049","0.7957104385704337","17.360129650368197","0.928662014267824","0.044547077268362045","0.9325095693414144","0.004083128646016121","0.9365675752828856","0.8761488011988467","0.9360968608986744","","","","","","","","","0.01765463075728393","0.0063837732478285465"
"bilinear_lowrank_transcriptome_FC_random5_fold3_final_eval","0.8173303548006374","2025-05-08T20:37:58.000Z","405","https://github.com/neuroinfolab/GeneEx2Conn/tree/f306ba7119a0469a7c6d8fba75bc4cb5e00d0dd8","sweep_o0m2vzib","2025-05-08T20:44:43.000Z","ga017.hpc.nyu.edu","-","finished","","2025-05-08T20:44:43.000Z","binarize_False, cv_type_random, feature_type_transcriptome, final_eval, gene_list_0.2, hemisphere_both, impute_strategy_mirror_interpolate, model_bilinear_lowrank, null_model_none, omit_subcortical_False, outerfold_3, parcellation_S400, sort_genes_refgenome, split_random5, target_FC","100","0.001","8","0","10.52897013013608","0.7423228454363959","0.07665670663118362","0.7876151279066566","0.010919997468590736","0.6676053672549898","0.8152032434422947","17.28874364976782","0.9040537007442018","0.05015493556857109","0.9173824397877666","0.00509938457980752","0.9236123111329986","0.849753874705089","0.930423658056314","","","","","","","","","0.013080808548256755","0.00740861423260516"
"bilinear_lowrank_transcriptome_FC_random5_fold2_final_eval","0.7189679135176118","2025-05-08T20:31:16.000Z","401","https://github.com/neuroinfolab/GeneEx2Conn/tree/f306ba7119a0469a7c6d8fba75bc4cb5e00d0dd8","sweep_o0m2vzib","2025-05-08T20:37:57.000Z","ga017.hpc.nyu.edu","-","finished","","2025-05-08T20:37:57.000Z","binarize_False, cv_type_random, feature_type_transcriptome, final_eval, gene_list_0.2, hemisphere_both, impute_strategy_mirror_interpolate, model_bilinear_lowrank, null_model_none, omit_subcortical_False, outerfold_2, parcellation_S400, sort_genes_refgenome, split_random5, target_FC","100","0.001","8","0","12.230797618182038","0.5980344694122564","0.08583515137434006","0.6692767842706175","0.014449771493673325","0.5131203006814979","0.7685705342522332","17.33303080055267","0.8983096092527093","0.058785658329725266","0.8990280854746541","0.006351742893457413","0.9052145438265348","0.8164855564049711","0.900701175869758","","","","","","","","","0.01661412445280482","0.007704615952738994"
"bilinear_lowrank_transcriptome_FC_random5_fold1_final_eval","0.7491727918841558","2025-05-08T20:24:30.000Z","404","https://github.com/neuroinfolab/GeneEx2Conn/tree/f306ba7119a0469a7c6d8fba75bc4cb5e00d0dd8","sweep_o0m2vzib","2025-05-08T20:31:14.000Z","ga017.hpc.nyu.edu","-","finished","","2025-05-08T20:31:14.000Z","binarize_False, cv_type_random, feature_type_transcriptome, final_eval, gene_list_0.2, hemisphere_both, impute_strategy_mirror_interpolate, model_bilinear_lowrank, null_model_none, omit_subcortical_False, outerfold_1, parcellation_S400, sort_genes_refgenome, split_random5, target_FC","100","0.001","8","0","11.882880605058114","0.6517229047494002","0.09138357639312744","0.6970058462389059","0.016017112880945206","0.5579303707131775","0.7936767555544406","18.07534288454193","0.9034899763458316","0.05020938441157341","0.9154173823156811","0.005081056617200375","0.9200485622033956","0.8449615919795753","0.920755852069075","","","","","","","","","0.018250434111584637","0.007345719702920113"
"bilinear_lowrank_transcriptome_FC_random5_fold0_final_eval","0.7330405597639041","2025-05-08T20:17:36.000Z","412","https://github.com/neuroinfolab/GeneEx2Conn/tree/f306ba7119a0469a7c6d8fba75bc4cb5e00d0dd8","sweep_o0m2vzib","2025-05-08T20:24:28.000Z","ga017.hpc.nyu.edu","-","finished","","2025-05-08T20:24:28.000Z","binarize_False, cv_type_random, feature_type_transcriptome, final_eval, gene_list_0.2, hemisphere_both, impute_strategy_mirror_interpolate, model_bilinear_lowrank, null_model_none, omit_subcortical_False, outerfold_0, parcellation_S400, sort_genes_refgenome, split_random5, target_FC","100","0.001","8","0","12.06978420374448","0.5985837461088519","0.0948977842926979","0.7194342746236853","0.01698746159672737","0.5353368281681565","0.7685612057483739","17.70661640147697","0.9170470041081844","0.04725122079253197","0.9215573884243428","0.0045698839239776134","0.9287505515745342","0.8613491864652923","0.9271189428911522","","","","","","","","","0.01913242066717323","0.0067795034678895475"
"bilinear_lowrank_transcriptome_FC_random4_fold3_final_eval","0.8081031433040824","2025-05-08T01:37:53.000Z","8568","https://github.com/neuroinfolab/GeneEx2Conn/tree/f306ba7119a0469a7c6d8fba75bc4cb5e00d0dd8","sweep_ucy0rq39","2025-05-08T04:00:41.000Z","ga018.hpc.nyu.edu","-","finished","","2025-05-08T04:00:41.000Z","binarize_False, cv_type_random, feature_type_transcriptome, final_eval, gene_list_0.2, hemisphere_both, impute_strategy_mirror_interpolate, model_bilinear_lowrank, null_model_none, omit_subcortical_False, outerfold_3, parcellation_S400, sort_genes_refgenome, split_random4, target_FC","100","0.00001","10","0.019726796833542632","10.185040564402655","0.7279716785460872","0.08505593985319138","0.7860669817760352","0.013702700845897198","0.6518913495523961","0.8373370926143182","16.421615823943974","0.9158031804315862","0.045378755778074265","0.9273185287156666","0.0041931504383683205","0.9328448352232082","0.8687154681247856","0.9338305650770028","","","","","","","","","0.01368321273010224","0.004223970427757881"
"bilinear_lowrank_transcriptome_FC_random4_fold2_final_eval","0.7448758191425443","2025-05-08T01:44:30.000Z","6297","https://github.com/neuroinfolab/GeneEx2Conn/tree/f306ba7119a0469a7c6d8fba75bc4cb5e00d0dd8","sweep_ltivpv82","2025-05-08T03:29:27.000Z","ga018.hpc.nyu.edu","-","finished","","2025-05-08T03:29:27.000Z","binarize_False, cv_type_random, feature_type_transcriptome, final_eval, gene_list_0.2, hemisphere_both, impute_strategy_mirror_interpolate, model_bilinear_lowrank, null_model_none, omit_subcortical_False, outerfold_2, parcellation_S400, sort_genes_refgenome, split_random4, target_FC","100","0.00001","8","0.015865002229225402","11.77263443013716","0.6852856085098042","0.07904266566038132","0.6830173317254143","0.012143423780798912","0.5538998044791793","0.7757653020743758","16.690689357740908","0.918523869612056","0.0492728091776371","0.927240011873901","0.0048554325476288795","0.9308151666876568","0.8649422539307257","0.9335440756928092","","","","","","","","","0.012056436928390871","0.0049202287673465"
"bilinear_lowrank_transcriptome_FC_random4_fold1_final_eval","0.7807181567809975","2025-05-08T22:07:01.000Z","502","https://github.com/neuroinfolab/GeneEx2Conn/tree/f306ba7119a0469a7c6d8fba75bc4cb5e00d0dd8","sweep_m0zfhsb0","2025-05-08T22:15:23.000Z","ga017.hpc.nyu.edu","-","finished","","2025-05-08T22:15:23.000Z","binarize_False, cv_type_random, feature_type_transcriptome, final_eval, gene_list_0.2, hemisphere_both, impute_strategy_mirror_interpolate, model_bilinear_lowrank, null_model_none, omit_subcortical_False, outerfold_1, parcellation_S400, sort_genes_refgenome, split_random4, target_FC","125","0.001","8","0","12.24736337531643","0.7122284119810961","0.08973311632871628","0.7706612669200783","0.015034176409244536","0.6094888145881909","0.7931370408259456","18.14806364480826","0.916497847007672","0.046063393354415894","0.9233279880650048","0.004358639474958181","0.9296394366572576","0.8629002227096485","0.9292335360037604","","","","","","","","","0.017236773600327035","0.006594294384039659"
"bilinear_lowrank_transcriptome_FC_random4_fold0_final_eval","0.7480186264868799","2025-05-08T21:58:53.000Z","486","https://github.com/neuroinfolab/GeneEx2Conn/tree/f306ba7119a0469a7c6d8fba75bc4cb5e00d0dd8","sweep_m0zfhsb0","2025-05-08T22:06:59.000Z","ga017.hpc.nyu.edu","-","finished","","2025-05-08T22:06:59.000Z","binarize_False, cv_type_random, feature_type_transcriptome, final_eval, gene_list_0.2, hemisphere_both, impute_strategy_mirror_interpolate, model_bilinear_lowrank, null_model_none, omit_subcortical_False, outerfold_0, parcellation_S400, sort_genes_refgenome, split_random4, target_FC","125","0.001","8","0","10.959395816329424","0.6691831545637452","0.08341692388057709","0.7151851001892345","0.013832977041602136","0.5456129274247201","0.7537391226327639","17.129244595521687","0.9201457194981982","0.04680996760725975","0.9291483729381596","0.004460350144654512","0.9340661115319252","0.8711935223720617","0.9380862848438748","","","","","","","","","0.016295214987122546","0.00681139917419216"
"bilinear_lowrank_transcriptome_FC_random42_fold3_final_eval","0.7575205288071366","2025-05-08T17:53:42.000Z","403","https://github.com/neuroinfolab/GeneEx2Conn/tree/f306ba7119a0469a7c6d8fba75bc4cb5e00d0dd8","sweep_qt2gf2un","2025-05-08T18:00:25.000Z","ga017.hpc.nyu.edu","-","finished","","2025-05-08T18:00:25.000Z","binarize_False, cv_type_random, feature_type_transcriptome, final_eval, gene_list_0.2, hemisphere_both, impute_strategy_mirror_interpolate, model_bilinear_lowrank, null_model_none, omit_subcortical_False, outerfold_3, parcellation_S400, sort_genes_refgenome, split_random42, target_FC","100","0.001","8","0","11.237190598274848","0.6009642146583672","0.08507943898439407","0.7151676978393342","0.014137820340692995","0.5695342092645523","0.8229074830198859","17.737506937977557","0.9140565566392","0.04843110591173172","0.9212018969452772","0.004745651967823505","0.9283961305144536","0.8600900096525549","0.9327478404388156","","","","","","","","","0.01637029690667987","0.0070933364719773335"
"bilinear_lowrank_transcriptome_FC_random42_fold2_final_eval","0.777059375490277","2025-05-08T17:48:55.000Z","286","https://github.com/neuroinfolab/GeneEx2Conn/tree/f306ba7119a0469a7c6d8fba75bc4cb5e00d0dd8","sweep_qt2gf2un","2025-05-08T17:53:41.000Z","ga017.hpc.nyu.edu","-","finished","","2025-05-08T17:53:41.000Z","binarize_False, cv_type_random, feature_type_transcriptome, final_eval, gene_list_0.2, hemisphere_both, impute_strategy_mirror_interpolate, model_bilinear_lowrank, null_model_none, omit_subcortical_False, outerfold_2, parcellation_S400, sort_genes_refgenome, split_random42, target_FC","100","0.001","8","0","11.999803774527962","0.6243201021507978","0.08421532809734344","0.7596552989992638","0.0134629737585783","0.6035152927321346","0.8054013089750847","17.915532806034097","0.901083422185994","0.05310457572340965","0.9033789416699058","0.005579171236604452","0.9122974989629548","0.831554245771434","0.9137775551065864","","","","","","","","","0.015592666361115727","0.007702632954192017"
"bilinear_lowrank_transcriptome_FC_random42_fold1_final_eval","0.7858781804189351","2025-05-08T17:12:15.000Z","2516","https://github.com/neuroinfolab/GeneEx2Conn/tree/f306ba7119a0469a7c6d8fba75bc4cb5e00d0dd8","bilinear_dup","2025-05-08T17:54:11.000Z","ga017.hpc.nyu.edu","-","finished","","2025-05-09T00:03:27.000Z","binarize_False, cv_type_random, feature_type_transcriptome, final_eval, gene_list_0.2, hemisphere_both, impute_strategy_mirror_interpolate, model_bilinear_lowrank, null_model_none, omit_subcortical_False, outerfold_1, parcellation_S400, sort_genes_refgenome, split_random42, target_FC","125","0.001","8","0","11.186340850219226","0.7511872968602049","0.08416912704706192","0.7487372958944248","0.013618944212794304","0.6113838892266437","0.8019456586707577","17.837710067040096","0.9094127842036908","0.04902759566903114","0.9194906231739062","0.004925789777189493","0.9239825584575052","0.8520046944177002","0.9224785704171594","","","","","","","","","0.015692770663721888","0.007171836773151528"
"bilinear_lowrank_transcriptome_FC_random42_fold0_final_eval","0.7598044493095832","2025-05-08T17:35:18.000Z","410","https://github.com/neuroinfolab/GeneEx2Conn/tree/f306ba7119a0469a7c6d8fba75bc4cb5e00d0dd8","sweep_qt2gf2un","2025-05-08T17:42:08.000Z","ga017.hpc.nyu.edu","-","finished","","2025-05-08T17:42:08.000Z","binarize_False, cv_type_random, feature_type_transcriptome, final_eval, gene_list_0.2, hemisphere_both, impute_strategy_mirror_interpolate, model_bilinear_lowrank, null_model_none, omit_subcortical_False, outerfold_0, parcellation_S400, sort_genes_refgenome, split_random42, target_FC","100","0.001","8","0","10.956414019822205","0.6849683914776521","0.08393345773220062","0.7282462868222712","0.01386292651295662","0.5765648415617337","0.7843604603379426","16.951870337319097","0.907944349113392","0.04853026941418648","0.9217761169299808","0.004748514853417873","0.9277986039648716","0.8598266285758392","0.9330452451517932","","","","","","","","","0.016109415019551914","0.007087524689396814"
"bilinear_lowrank_transcriptome_FC_random3_fold3_final_eval","0.7439287544899952","2025-05-08T18:48:46.000Z","401","https://github.com/neuroinfolab/GeneEx2Conn/tree/f306ba7119a0469a7c6d8fba75bc4cb5e00d0dd8","sweep_ine2wn7p","2025-05-08T18:55:27.000Z","ga017.hpc.nyu.edu","-","finished","","2025-05-08T18:55:27.000Z","binarize_False, cv_type_random, feature_type_transcriptome, final_eval, gene_list_0.2, hemisphere_both, impute_strategy_mirror_interpolate, model_bilinear_lowrank, null_model_none, omit_subcortical_False, outerfold_3, parcellation_S400, sort_genes_refgenome, split_random3, target_FC","100","0.001","8","0","10.662172264975048","0.7519987293756838","0.08952949196100235","0.7130535868083565","0.014236616902053356","0.5487759652986244","0.7537217458323718","17.306517850385358","0.9069584716701544","0.049270860850811005","0.9192830691767574","0.004977223929017782","0.9253434971974877","0.8538880833035567","0.9267514269248012","","","","","","","","","0.016379692144691944","0.007225111677319531"
"bilinear_lowrank_transcriptome_FC_random3_fold2_final_eval","0.7511745219736043","2025-05-08T18:42:04.000Z","400","https://github.com/neuroinfolab/GeneEx2Conn/tree/f306ba7119a0469a7c6d8fba75bc4cb5e00d0dd8","sweep_ine2wn7p","2025-05-08T18:48:44.000Z","ga017.hpc.nyu.edu","-","finished","","2025-05-08T18:48:44.000Z","binarize_False, cv_type_random, feature_type_transcriptome, final_eval, gene_list_0.2, hemisphere_both, impute_strategy_mirror_interpolate, model_bilinear_lowrank, null_model_none, omit_subcortical_False, outerfold_2, parcellation_S400, sort_genes_refgenome, split_random3, target_FC","100","0.001","8","0","11.35235363495602","0.6284350543169877","0.0811847448348999","0.7244423634247217","0.013034803792834282","0.5630236546180247","0.7757991710001964","17.411726145177266","0.9284448706823348","0.045294638723134995","0.9333007899267008","0.004226090852171183","0.9379098034996132","0.8778196966911733","0.9393611691416852","","","","","","","","","0.015240868827437653","0.006895103504178145"
"bilinear_lowrank_transcriptome_FC_random3_fold1_final_eval","0.7730341341419877","2025-05-08T18:35:26.000Z","397","https://github.com/neuroinfolab/GeneEx2Conn/tree/f306ba7119a0469a7c6d8fba75bc4cb5e00d0dd8","sweep_ine2wn7p","2025-05-08T18:42:03.000Z","ga017.hpc.nyu.edu","-","finished","","2025-05-08T18:42:03.000Z","binarize_False, cv_type_random, feature_type_transcriptome, final_eval, gene_list_0.2, hemisphere_both, impute_strategy_mirror_interpolate, model_bilinear_lowrank, null_model_none, omit_subcortical_False, outerfold_1, parcellation_S400, sort_genes_refgenome, split_random3, target_FC","100","0.001","8","0","11.42343317742739","0.699604768733722","0.08273486793041229","0.7169670503267132","0.013366425409913065","0.5966299180789587","0.8069322846867983","16.928175622142348","0.921449588537998","0.04603689163923263","0.9310653926684628","0.004303251393139362","0.9348092797255084","0.8717668303391733","0.9365630836732436","","","","","","","","","0.01578567827156946","0.006849577615477523"
"bilinear_lowrank_transcriptome_FC_random3_fold0_final_eval","0.8241936601603522","2025-05-08T18:28:36.000Z","409","https://github.com/neuroinfolab/GeneEx2Conn/tree/f306ba7119a0469a7c6d8fba75bc4cb5e00d0dd8","sweep_ine2wn7p","2025-05-08T18:35:25.000Z","ga017.hpc.nyu.edu","-","finished","","2025-05-08T18:35:25.000Z","binarize_False, cv_type_random, feature_type_transcriptome, final_eval, gene_list_0.2, hemisphere_both, impute_strategy_mirror_interpolate, model_bilinear_lowrank, null_model_none, omit_subcortical_False, outerfold_0, parcellation_S400, sort_genes_refgenome, split_random3, target_FC","100","0.001","8","0","10.803213704377235","0.7990625155401948","0.08340469002723694","0.8098916886080404","0.01242848765105009","0.6788677765266073","0.8313275011164444","17.61150104768329","0.9249958325179002","0.04450104013085365","0.9285342202883696","0.004122823476791382","0.933802390614726","0.8705165068023467","0.933481241007778","","","","","","","","","0.014686194193713803","0.00650684575799022"
"bilinear_lowrank_transcriptome_FC_random2_fold3_final_eval","0.7879637933042736","2025-05-08T18:36:17.000Z","2067","https://github.com/neuroinfolab/GeneEx2Conn/tree/f306ba7119a0469a7c6d8fba75bc4cb5e00d0dd8","sweep_i6vrpm49","2025-05-08T19:10:44.000Z","ga017.hpc.nyu.edu","-","finished","","2025-05-08T19:10:44.000Z","binarize_False, cv_type_random, feature_type_transcriptome, final_eval, gene_list_0.2, hemisphere_both, impute_strategy_mirror_interpolate, model_bilinear_lowrank, null_model_none, omit_subcortical_False, outerfold_3, parcellation_S400, sort_genes_refgenome, split_random2, target_FC","100","0.001","8","0","10.891606607613618","0.6369214357847377","0.08740860968828201","0.7639908464317715","0.014068961143493652","0.6184507145151068","0.8343711521403762","17.463684709161992","0.9120905593453636","0.047408074140548706","0.9230046370794482","0.0045867739245295525","0.9297160368699892","0.8598368385464275","0.9346819158528408","","","","","","","","","0.016293913349509238","0.007097034334213261"
"bilinear_lowrank_transcriptome_FC_random2_fold2_final_eval","0.7681643533671364","2025-05-08T17:12:13.000Z","498","https://github.com/neuroinfolab/GeneEx2Conn/tree/f306ba7119a0469a7c6d8fba75bc4cb5e00d0dd8","sweep_525cghg1","2025-05-08T17:20:31.000Z","ga017.hpc.nyu.edu","-","finished","","2025-05-08T17:20:31.000Z","binarize_False, cv_type_random, feature_type_transcriptome, final_eval, gene_list_0.2, hemisphere_both, impute_strategy_mirror_interpolate, model_bilinear_lowrank, null_model_none, omit_subcortical_False, outerfold_2, parcellation_S400, sort_genes_refgenome, split_random2, target_FC","125","0.001","8","0","11.87633701482283","0.7441978387278837","0.07971721142530441","0.7323614724487876","0.011841736733913422","0.5856311838575855","0.7877420119547837","17.707684276970372","0.9238498977742948","0.04920714721083641","0.9250299890043536","0.0047615040093660355","0.9302325980475652","0.8642238889643131","0.9288392100219348","","","","","","","","","0.014196435692628809","0.007049815711785297"
"bilinear_lowrank_transcriptome_FC_random2_fold1_final_eval","0.82306010592722","2025-05-08T17:03:45.000Z","506","https://github.com/neuroinfolab/GeneEx2Conn/tree/f306ba7119a0469a7c6d8fba75bc4cb5e00d0dd8","sweep_525cghg1","2025-05-08T17:12:11.000Z","ga017.hpc.nyu.edu","-","finished","","2025-05-08T17:12:11.000Z","binarize_False, cv_type_random, feature_type_transcriptome, final_eval, gene_list_0.2, hemisphere_both, impute_strategy_mirror_interpolate, model_bilinear_lowrank, null_model_none, omit_subcortical_False, outerfold_1, parcellation_S400, sort_genes_refgenome, split_random2, target_FC","125","0.001","8","0","10.345586299070224","0.8150781077865001","0.08151533454656601","0.8080820680305726","0.012230996042490004","0.6716640658718044","0.8157437962023673","17.847100394820444","0.9124988578893692","0.04587586224079132","0.9264441761289192","0.004375283140689135","0.9303620641320356","0.8641079450643899","0.9318388684686864","","","","","","","","","0.014450181503871493","0.006700627650720197"
"bilinear_lowrank_transcriptome_FC_random2_fold0_final_eval","0.7248159110958571","2025-05-08T16:57:58.000Z","345","https://github.com/neuroinfolab/GeneEx2Conn/tree/f306ba7119a0469a7c6d8fba75bc4cb5e00d0dd8","sweep_525cghg1","2025-05-08T17:03:43.000Z","ga017.hpc.nyu.edu","-","finished","","2025-05-08T17:03:43.000Z","binarize_False, cv_type_random, feature_type_transcriptome, final_eval, gene_list_0.2, hemisphere_both, impute_strategy_mirror_interpolate, model_bilinear_lowrank, null_model_none, omit_subcortical_False, outerfold_0, parcellation_S400, sort_genes_refgenome, split_random2, target_FC","125","0.001","8","0","11.667923494535266","0.5673168074121192","0.08780484646558762","0.700748367728218","0.014969388954341412","0.5180742607674662","0.7580911617983853","16.87236215945646","0.9029628120427364","0.051805395632982254","0.9159241167586468","0.005216597579419613","0.9218340824036968","0.8470937863858394","0.925113994314946","","","","","","","","","0.01711330722615707","0.007756038653205825"
"bilinear_lowrank_transcriptome_FC_random1_fold3_final_eval","0.7378815823649322","2025-05-08T18:21:18.000Z","403","https://github.com/neuroinfolab/GeneEx2Conn/tree/f306ba7119a0469a7c6d8fba75bc4cb5e00d0dd8","sweep_wvxm9nni","2025-05-08T18:28:01.000Z","ga017.hpc.nyu.edu","-","finished","","2025-05-08T18:28:01.000Z","binarize_False, cv_type_random, feature_type_transcriptome, final_eval, gene_list_0.2, hemisphere_both, impute_strategy_mirror_interpolate, model_bilinear_lowrank, null_model_none, omit_subcortical_False, outerfold_3, parcellation_S400, sort_genes_refgenome, split_random1, target_FC","100","0.001","8","0","12.433866303203926","0.6174522823915849","0.0916568860411644","0.7228776407483233","0.01665177009999752","0.5443732821203842","0.754185930488839","16.859824006922388","0.9030853161074084","0.05344747379422188","0.9104975127331116","0.005433273501694202","0.916138484452691","0.834506520019757","0.9149107673992832","","","","","","","","","0.018711917772889136","0.007332471070664101"
"bilinear_lowrank_transcriptome_FC_random1_fold2_final_eval","0.8345956973367821","2025-05-08T17:56:51.000Z","2192","https://github.com/neuroinfolab/GeneEx2Conn/tree/f306ba7119a0469a7c6d8fba75bc4cb5e00d0dd8","sweep_i567jr0d","2025-05-08T18:33:23.000Z","ga017.hpc.nyu.edu","-","finished","","2025-05-08T18:33:23.000Z","binarize_False, cv_type_random, feature_type_transcriptome, final_eval, gene_list_0.2, hemisphere_both, impute_strategy_mirror_interpolate, model_bilinear_lowrank, null_model_none, omit_subcortical_False, outerfold_2, parcellation_S400, sort_genes_refgenome, split_random1, target_FC","100","0.001","8","0","10.236437854541697","0.8325102754812772","0.07944498211145401","0.7980613915657864","0.011758130975067616","0.6934761183753624","0.843684900421493","18.527546649115195","0.9107786019027876","0.048769719898700714","0.9189053239761042","0.0048423525877296925","0.9227117880374271","0.8491139482200195","0.9214027019681684","","","","","","","","","0.013964742020356889","0.007253918631277797"
"bilinear_lowrank_transcriptome_FC_random1_fold1_final_eval","0.7310897664942692","2025-05-08T18:07:50.000Z","405","https://github.com/neuroinfolab/GeneEx2Conn/tree/f306ba7119a0469a7c6d8fba75bc4cb5e00d0dd8","sweep_wvxm9nni","2025-05-08T18:14:35.000Z","ga017.hpc.nyu.edu","-","finished","","2025-05-08T18:14:35.000Z","binarize_False, cv_type_random, feature_type_transcriptome, final_eval, gene_list_0.2, hemisphere_both, impute_strategy_mirror_interpolate, model_bilinear_lowrank, null_model_none, omit_subcortical_False, outerfold_1, parcellation_S400, sort_genes_refgenome, split_random1, target_FC","100","0.001","8","0","11.216081768167054","0.6480955707249872","0.08395221084356308","0.7125136658071853","0.013983307406306269","0.532874297493645","0.7400488977503025","17.585987201276062","0.923325074139085","0.04630892723798752","0.9281128725930547","0.004352540243417025","0.9358063010152644","0.8745939548160552","0.9395678858443208","","","","","","","","","0.01633051578320709","0.006649450090596613"
"bilinear_lowrank_transcriptome_FC_random1_fold0_final_eval","0.775107658054779","2025-05-08T18:01:00.000Z","408","https://github.com/neuroinfolab/GeneEx2Conn/tree/f306ba7119a0469a7c6d8fba75bc4cb5e00d0dd8","sweep_wvxm9nni","2025-05-08T18:07:48.000Z","ga017.hpc.nyu.edu","-","finished","","2025-05-08T18:07:48.000Z","binarize_False, cv_type_random, feature_type_transcriptome, final_eval, gene_list_0.2, hemisphere_both, impute_strategy_mirror_interpolate, model_bilinear_lowrank, null_model_none, omit_subcortical_False, outerfold_0, parcellation_S400, sort_genes_refgenome, split_random1, target_FC","100","0.001","8","0","11.647447382404444","0.7330567710393374","0.08101072907447815","0.7316356343454976","0.011957465671002865","0.5961496457588868","0.8098282694959973","17.74597978754315","0.9101544304403844","0.05099455639719963","0.9171172694374928","0.005173980724066496","0.9230981046474236","0.8502486315036856","0.9225345156134728","","","","","","","","","0.014183283710450518","0.007427759726570866"