"Name","final_train_metrics.pearson_r","final_test_metrics.pearson_r","Created","Runtime","Group","End Time","Hostname","ID","Notes","State","Updated","Tags","activation","batch_size","decoder","dropout_rate","epochs","hidden_dims","lambda_reg","learning_rate","cls_init","max_iter","n_components","optimize_encoder","reduced_dim","regularization","scale","shared_weights","weight_decay","parameters.cross_attention_dropouts","aug_prob","best_parameters.aug_probs","best_parameters.cls_inits","parameters.aug_probs","parameters.cls_inits","token_encoder_dim","best_val_loss","final_test_metrics.geodesic_distance","final_test_metrics.long_r","final_test_metrics.mae","final_test_metrics.mid_r","final_test_metrics.mse","final_test_metrics.r2","final_test_metrics.short_r","final_train_metrics.geodesic_distance","final_train_metrics.long_r","final_train_metrics.mae","final_train_metrics.mid_r","final_train_metrics.mse","final_train_metrics.r2","final_train_metrics.short_r","fold0_epoch","fold0_train_loss","fold0_val_loss","mean_train_loss","mean_train_pearson","mean_val_loss","mean_val_pearson","test_mse_loss","train_mse_loss"
"shared_transformer_transcriptome_FC_random8_fold0_final_eval","0.97917460475504","0.7817334245241817","2025-05-05T18:44:04.000Z","1737","sweep_qte2uv08","2025-05-05T19:13:01.000Z","gh010.hpc.nyu.edu","bdbwsh27","-","finished","2025-05-05T19:13:01.000Z","binarize_False, cv_type_random, feature_type_transcriptome, final_eval, gene_list_0.2, hemisphere_both, impute_strategy_mirror_interpolate, model_shared_transformer, null_model_none, omit_subcortical_False, outerfold_0, parcellation_S400, sort_genes_refgenome, split_random8, target_FC","","512","","0.2","50","","","0.00009","","","","","","","","","0.0001","","0","","","","","20","0.014451507353582062","11.125137357579996","0.6816547588027134","0.07927338033914566","0.7509219646137822","0.012773082591593266","0.6015410212101223","0.808743673932734","15.368691088251822","0.9746095966166366","0.02804374508559704","0.976837499791175","0.0015460995491594076","0.9544460963899052","0.9808798874903027","","","","","","","","0.012444377357426744","0.003170141965634957"
"shared_transformer_transcriptome_FC_random5_fold0_final_eval","0.9839563818885054","0.7641845201251632","2025-05-05T18:44:00.000Z","1745","sweep_0u46vuzx","2025-05-05T19:13:05.000Z","gh010.hpc.nyu.edu","ndogb5t2","-","finished","2025-05-05T19:13:05.000Z","binarize_False, cv_type_random, feature_type_transcriptome, final_eval, gene_list_0.2, hemisphere_both, impute_strategy_mirror_interpolate, model_shared_transformer, null_model_none, omit_subcortical_False, outerfold_0, parcellation_S400, sort_genes_refgenome, split_random5, target_FC","","512","","0.2","50","","","0.00009","","","","","","","","","0.0001","","0","","","","","20","0.01625595374319416","10.702420084853776","0.632459737978961","0.0882241427898407","0.7467154891366862","0.015241808257997036","0.5830861799259025","0.8165337392071356","15.203113975963918","0.9768089909269986","0.024112876504659653","0.9816113504803732","0.0011367687257006764","0.9655103014358444","0.9863378838683032","","","","","","","","0.015064970518534","0.0026133508895347427"
"shared_transformer_transcriptome_FC_random9_fold0_final_eval","0.9806982899966066","0.786492104745584","2025-05-05T18:43:58.000Z","1661","sweep_h60zfvxk","2025-05-05T19:11:39.000Z","gh010.hpc.nyu.edu","xzoosgu3","-","finished","2025-05-05T19:11:39.000Z","binarize_False, cv_type_random, feature_type_transcriptome, final_eval, gene_list_0.2, hemisphere_both, impute_strategy_mirror_interpolate, model_shared_transformer, null_model_none, omit_subcortical_False, outerfold_0, parcellation_S400, sort_genes_refgenome, split_random9, target_FC","","512","","0.2","50","","","0.00009","","","","","","","","","0.0001","","0","","","","","60","0.014432643164092531","10.569356762227024","0.7068488471838072","0.07958301156759262","0.7598754857770419","0.0132558299228549","0.6141911135750674","0.8145257636934318","15.116441418703609","0.9727888934401407","0.025888582691550255","0.9785924753019744","0.001295314752496779","0.9608402076754792","0.9826147527065128","","","","","","","","0.012918034801259635","0.0027370165678619156"
"shared_transformer_transcriptome_FC_random1_fold0_final_eval","0.982049592595514","0.7898942055257225","2025-05-05T18:43:57.000Z","1718","sweep_pdch44yo","2025-05-05T19:12:35.000Z","gh010.hpc.nyu.edu","ozr1vxx1","-","finished","2025-05-05T19:12:35.000Z","binarize_False, cv_type_random, feature_type_transcriptome, final_eval, gene_list_0.2, hemisphere_both, impute_strategy_mirror_interpolate, model_shared_transformer, null_model_none, omit_subcortical_False, outerfold_0, parcellation_S400, sort_genes_refgenome, split_random1, target_FC","","512","","0.2","50","","","0.00009","","","","","","","","","0.0001","","0","","","","","30","0.014826367018171228","10.96675368238028","0.7449237919339324","0.07411563396453857","0.753623061992495","0.011410549283027647","0.614621156980087","0.8159044361578284","14.515760571577138","0.9773285115139542","0.02528243325650692","0.9805769715129936","0.0012402837164700031","0.9641022702941202","0.9830539315615602","","","","","","","","0.012711395760281729","0.0029414421160775133"
"shared_transformer_transcriptome_FC_random2_fold0_final_eval","0.982400004662459","0.7366299371468534","2025-05-05T18:43:57.000Z","1672","sweep_9g4g7brh","2025-05-05T19:11:49.000Z","gh010.hpc.nyu.edu","goy4rh65","-","finished","2025-05-05T19:11:49.000Z","binarize_False, cv_type_random, feature_type_transcriptome, final_eval, gene_list_0.2, hemisphere_both, impute_strategy_mirror_interpolate, model_shared_transformer, null_model_none, omit_subcortical_False, outerfold_0, parcellation_S400, sort_genes_refgenome, split_random2, target_FC","","512","","0.2","50","","","0.00009","","","","","","","","","0.0001","","0","","","","","60","0.01410226199704294","11.49529197935954","0.5500807558578394","0.08184706419706345","0.705876803081408","0.014764725230634212","0.5246632574353141","0.7928774622065892","13.999281241267113","0.9759569098491828","0.025534704327583313","0.9808519862072752","0.0012326271971687677","0.9638698710958612","0.9845650487706268","","","","","","","","0.014656251708332162","0.0027164132303521367"
"shared_transformer_transcriptome_FC_random6_fold0_final_eval","0.978420495348393","0.7714658100329518","2025-05-05T18:43:57.000Z","1746","sweep_9gidwxtq","2025-05-05T19:13:03.000Z","gh010.hpc.nyu.edu","725l179g","-","finished","2025-05-05T19:13:03.000Z","binarize_False, cv_type_random, feature_type_transcriptome, final_eval, gene_list_0.2, hemisphere_both, impute_strategy_mirror_interpolate, model_shared_transformer, null_model_none, omit_subcortical_False, outerfold_0, parcellation_S400, sort_genes_refgenome, split_random6, target_FC","","512","","0.2","50","","","0.00009","","","","","","","","","0.0001","","0","","","","","20","0.015018495820605984","11.024738621526373","0.6350263251995577","0.083338163793087","0.75006456925342","0.014172102324664593","0.5945759266427604","0.7924946850533297","14.53574036586701","0.9703474074641768","0.027615411207079887","0.9769826280881588","0.001488286885432899","0.9548566496965344","0.9802773560366772","","","","","","","","0.014332079901718177","0.002811773157050825"
"shared_transformer_transcriptome_FC_random42_fold0_final_eval","0.9751814095741952","0.797393938647891","2025-05-05T18:43:56.000Z","1716","sweep_4w6vjjuv","2025-05-05T19:12:32.000Z","gh010.hpc.nyu.edu","nq0a0226","-","finished","2025-05-05T19:12:32.000Z","binarize_False, cv_type_random, feature_type_transcriptome, final_eval, gene_list_0.2, hemisphere_both, impute_strategy_mirror_interpolate, model_shared_transformer, null_model_none, omit_subcortical_False, outerfold_0, parcellation_S400, sort_genes_refgenome, split_random42, target_FC","","512","","0.2","50","","","0.00009","","","","","","","","","0.0001","","0","","","","","30","0.013573704327707391","9.677862086543366","0.6752722611275148","0.07688267529010773","0.7670539131352464","0.012274960055947304","0.62506837854251","0.8336475613570029","13.920242012034125","0.9670923071460892","0.030142853036522865","0.9727664253860396","0.001707212650217116","0.949604086477831","0.977640841165352","","","","","","","","0.012124148555673083","0.0030041078827651585"
"shared_transformer_transcriptome_FC_random7_fold0_final_eval","0.9791189477700264","0.6155758274243999","2025-05-05T18:43:55.000Z","1663","sweep_h6ix2l12","2025-05-05T19:11:38.000Z","gh010.hpc.nyu.edu","lf7r820o","-","finished","2025-05-05T19:11:38.000Z","binarize_False, cv_type_random, feature_type_transcriptome, final_eval, gene_list_0.2, hemisphere_both, impute_strategy_mirror_interpolate, model_shared_transformer, null_model_none, omit_subcortical_False, outerfold_0, parcellation_S400, sort_genes_refgenome, split_random7, target_FC","","512","","0.2","50","","","0.00009","","","","","","","","","0.0001","","0","","","","","60","0.014581847935914992","11.392826382710124","0.6554832196101373","0.08553751558065414","0.654157511680906","0.029095105826854702","0.12493410053164676","0.5550776724864598","14.339059769508314","0.9696828165245316","0.026990989223122597","0.9768937404518964","0.001429545576684177","0.957498534629435","0.9833128611781844","","","","","","","","0.08135594184008929","0.003101671536120746"
"shared_transformer_transcriptome_FC_random4_fold0_final_eval","0.9830558137139164","0.7758876141776908","2025-05-05T18:43:55.000Z","1664","sweep_3amx3xcb","2025-05-05T19:11:39.000Z","gh010.hpc.nyu.edu","8ivqyhd3","-","finished","2025-05-05T19:11:39.000Z","binarize_False, cv_type_random, feature_type_transcriptome, final_eval, gene_list_0.2, hemisphere_both, impute_strategy_mirror_interpolate, model_shared_transformer, null_model_none, omit_subcortical_False, outerfold_0, parcellation_S400, sort_genes_refgenome, split_random4, target_FC","","512","","0.2","50","","","0.00009","","","","","","","","","0.0001","","0","","","","","60","0.016906238017747037","10.402726594497762","0.6935220012148631","0.07843492925167084","0.7519696221819526","0.012554260902106762","0.5876163529101945","0.7732552696582924","14.230478177015357","0.980153546347136","0.024299537762999535","0.9816684341589892","0.0011704902863129971","0.966198456264354","0.9841367816878052","","","","","","","","0.012808778556063771","0.0026215189639150704"
"shared_transformer_transcriptome_FC_random3_fold0_final_eval","0.985531603926932","0.8062300064029778","2025-05-05T18:43:52.000Z","1642","sweep_b5q2ymtt","2025-05-05T19:11:14.000Z","gh010.hpc.nyu.edu","11y73sd9","-","finished","2025-05-05T19:11:14.000Z","binarize_False, cv_type_random, feature_type_transcriptome, final_eval, gene_list_0.2, hemisphere_both, impute_strategy_mirror_interpolate, model_shared_transformer, null_model_none, omit_subcortical_False, outerfold_0, parcellation_S400, sort_genes_refgenome, split_random3, target_FC","","512","","0.2","50","","","0.00009","","","","","","","","","0.0001","","0","","","","","60","0.014909011813310476","10.506228447992408","0.6884517646081808","0.08409298211336136","0.7859657263198178","0.013693923130631449","0.6461709145306189","0.8343621057192616","14.837926704783223","0.982133972112691","0.021797960624098774","0.9838829774755136","0.0009223276865668596","0.9710329108137772","0.9865031269268172","","","","","","","","0.0135142754835005","0.00239594730893191"
"shared_transformer_transcriptome_FC_random5_fold0_innerCV","","","2025-05-05T18:37:40.000Z","368","sweep_0u46vuzx","2025-05-05T18:43:48.000Z","gh010.hpc.nyu.edu","pejegjtb","-","finished","2025-05-05T18:43:48.000Z","binarize_False, cv_type_random, feature_type_transcriptome, fold0, gene_list_0.2, hemisphere_both, impute_strategy_mirror_interpolate, inner cross validation, model_shared_transformer, null_model_none, omit_subcortical_False, parcellation_S400, sort_genes_refgenome, split_random5, target_FC","","512","","0.2","50","","","0.00009","","","","","","","","","0.0001","","0","","","","","60","","","","","","","","","","","","","","","","49","0.005112519815084662","0.016464722235328876","0.005112519815084662","0.9590094471254308","0.016464722235328876","0.7440649568230744","",""
"shared_transformer_transcriptome_FC_random7_fold0_innerCV","","","2025-05-05T18:37:40.000Z","363","sweep_h6ix2l12","2025-05-05T18:43:43.000Z","gh010.hpc.nyu.edu","khxxqpwk","-","finished","2025-05-05T18:43:43.000Z","binarize_False, cv_type_random, feature_type_transcriptome, fold0, gene_list_0.2, hemisphere_both, impute_strategy_mirror_interpolate, inner cross validation, model_shared_transformer, null_model_none, omit_subcortical_False, parcellation_S400, sort_genes_refgenome, split_random7, target_FC","","512","","0.2","50","","","0.00009","","","","","","","","","0.0001","","0","","","","","60","","","","","","","","","","","","","","","","49","0.005441001722460041","0.014581847935914992","0.005441001722460041","0.9580102403193248","0.014581847935914992","0.7282521365720551","",""
"shared_transformer_transcriptome_FC_random3_fold0_innerCV","","","2025-05-05T18:37:40.000Z","360","sweep_b5q2ymtt","2025-05-05T18:43:40.000Z","gh010.hpc.nyu.edu","jh6y5h6s","-","finished","2025-05-05T18:43:40.000Z","binarize_False, cv_type_random, feature_type_transcriptome, fold0, gene_list_0.2, hemisphere_both, impute_strategy_mirror_interpolate, inner cross validation, model_shared_transformer, null_model_none, omit_subcortical_False, parcellation_S400, sort_genes_refgenome, split_random3, target_FC","","512","","0.2","50","","","0.00009","","","","","","","","","0.0001","","0","","","","","60","","","","","","","","","","","","","","","","49","0.006005139108562823","0.014909011813310476","0.006005139108562823","0.9426525345413186","0.014909011813310476","0.7502838346623262","",""
"shared_transformer_transcriptome_FC_random42_fold0_innerCV","","","2025-05-05T18:37:38.000Z","367","sweep_4w6vjjuv","2025-05-05T18:43:45.000Z","gh010.hpc.nyu.edu","yaj98ddz","-","finished","2025-05-05T18:43:45.000Z","binarize_False, cv_type_random, feature_type_transcriptome, fold0, gene_list_0.2, hemisphere_both, impute_strategy_mirror_interpolate, inner cross validation, model_shared_transformer, null_model_none, omit_subcortical_False, parcellation_S400, sort_genes_refgenome, split_random42, target_FC","","512","","0.2","50","","","0.00009","","","","","","","","","0.0001","","0","","","","","60","","","","","","","","","","","","","","","","49","0.006321442258166205","0.016654249522476815","0.006321442258166205","0.934896245367522","0.016654249522476815","0.7163724976284556","",""
"shared_transformer_transcriptome_FC_random9_fold0_innerCV","","","2025-05-05T18:37:38.000Z","368","sweep_h60zfvxk","2025-05-05T18:43:46.000Z","gh010.hpc.nyu.edu","426hvc8l","-","finished","2025-05-05T18:43:46.000Z","binarize_False, cv_type_random, feature_type_transcriptome, fold0, gene_list_0.2, hemisphere_both, impute_strategy_mirror_interpolate, inner cross validation, model_shared_transformer, null_model_none, omit_subcortical_False, parcellation_S400, sort_genes_refgenome, split_random9, target_FC","","512","","0.2","50","","","0.00009","","","","","","","","","0.0001","","0","","","","","60","","","","","","","","","","","","","","","","49","0.005296670813297872","0.014432643164092531","0.005296670813297872","0.9586229032176802","0.014432643164092531","0.7057307223979197","",""
"shared_transformer_transcriptome_FC_random6_fold0_innerCV","","","2025-05-05T18:37:36.000Z","369","sweep_9gidwxtq","2025-05-05T18:43:45.000Z","gh010.hpc.nyu.edu","g63cjn0w","-","finished","2025-05-05T18:43:45.000Z","binarize_False, cv_type_random, feature_type_transcriptome, fold0, gene_list_0.2, hemisphere_both, impute_strategy_mirror_interpolate, inner cross validation, model_shared_transformer, null_model_none, omit_subcortical_False, parcellation_S400, sort_genes_refgenome, split_random6, target_FC","","512","","0.2","50","","","0.00009","","","","","","","","","0.0001","","0","","","","","60","","","","","","","","","","","","","","","","49","0.005326873945570228","0.016222281238207452","0.005326873945570228","0.9531849362882324","0.016222281238207452","0.7190758975540594","",""
"shared_transformer_transcriptome_FC_random1_fold0_innerCV","","","2025-05-05T18:37:36.000Z","369","sweep_pdch44yo","2025-05-05T18:43:45.000Z","gh010.hpc.nyu.edu","ccfiuj55","-","finished","2025-05-05T18:43:45.000Z","binarize_False, cv_type_random, feature_type_transcriptome, fold0, gene_list_0.2, hemisphere_both, impute_strategy_mirror_interpolate, inner cross validation, model_shared_transformer, null_model_none, omit_subcortical_False, parcellation_S400, sort_genes_refgenome, split_random1, target_FC","","512","","0.2","50","","","0.00009","","","","","","","","","0.0001","","0","","","","","60","","","","","","","","","","","","","","","","49","0.005383591411985678","0.016725976306658525","0.005383591411985678","0.942873676249082","0.016725976306658525","0.6776373067151262","",""
"shared_transformer_transcriptome_FC_random2_fold0_innerCV","","","2025-05-05T18:37:35.000Z","370","sweep_9g4g7brh","2025-05-05T18:43:45.000Z","gh010.hpc.nyu.edu","qjoh2jqw","-","finished","2025-05-05T18:43:45.000Z","binarize_False, cv_type_random, feature_type_transcriptome, fold0, gene_list_0.2, hemisphere_both, impute_strategy_mirror_interpolate, inner cross validation, model_shared_transformer, null_model_none, omit_subcortical_False, parcellation_S400, sort_genes_refgenome, split_random2, target_FC","","512","","0.2","50","","","0.00009","","","","","","","","","0.0001","","0","","","","","60","","","","","","","","","","","","","","","","49","0.006099226852270341","0.01410226199704294","0.006099226852270341","0.9424463872929224","0.01410226199704294","0.7865735678990832","",""
"shared_transformer_transcriptome_FC_random4_fold0_innerCV","","","2025-05-05T18:37:33.000Z","370","sweep_3amx3xcb","2025-05-05T18:43:43.000Z","gh010.hpc.nyu.edu","ga47a52x","-","finished","2025-05-05T18:43:43.000Z","binarize_False, cv_type_random, feature_type_transcriptome, fold0, gene_list_0.2, hemisphere_both, impute_strategy_mirror_interpolate, inner cross validation, model_shared_transformer, null_model_none, omit_subcortical_False, parcellation_S400, sort_genes_refgenome, split_random4, target_FC","","512","","0.2","50","","","0.00009","","","","","","","","","0.0001","","0","","","","","60","","","","","","","","","","","","","","","","49","0.005311728888514018","0.016906238017747037","0.005311728888514018","0.953911492822976","0.016906238017747037","0.7464565538393438","",""
"shared_transformer_transcriptome_FC_random8_fold0_innerCV","","","2025-05-05T18:37:33.000Z","379","sweep_qte2uv08","2025-05-05T18:43:52.000Z","gh010.hpc.nyu.edu","7gcv9oy1","-","finished","2025-05-05T18:43:52.000Z","binarize_False, cv_type_random, feature_type_transcriptome, fold0, gene_list_0.2, hemisphere_both, impute_strategy_mirror_interpolate, inner cross validation, model_shared_transformer, null_model_none, omit_subcortical_False, parcellation_S400, sort_genes_refgenome, split_random8, target_FC","","512","","0.2","50","","","0.00009","","","","","","","","","0.0001","","0","","","","","60","","","","","","","","","","","","","","","","49","0.006297705206319247","0.015891369754591815","0.006297705206319247","0.9122056415633714","0.015891369754591815","0.7442900009251484","",""
"shared_transformer_transcriptome_FC_random3_fold0_innerCV","","","2025-05-05T18:26:46.000Z","650","sweep_b5q2ymtt","2025-05-05T18:37:36.000Z","gh010.hpc.nyu.edu","nzxtze2z","-","finished","2025-05-05T18:37:36.000Z","binarize_False, cv_type_random, feature_type_transcriptome, fold0, gene_list_0.2, hemisphere_both, impute_strategy_mirror_interpolate, inner cross validation, model_shared_transformer, null_model_none, omit_subcortical_False, parcellation_S400, sort_genes_refgenome, split_random3, target_FC","","512","","0.2","50","","","0.00009","","","","","","","","","0.0001","","0","","","","","30","","","","","","","","","","","","","","","","49","0.005333746368489643","0.015253352466970682","0.005333746368489643","0.9336518182469528","0.015253352466970682","0.7377331963147176","",""
"shared_transformer_transcriptome_FC_random42_fold0_innerCV","","","2025-05-05T18:26:45.000Z","647","sweep_4w6vjjuv","2025-05-05T18:37:32.000Z","gh010.hpc.nyu.edu","jhgvaj90","-","finished","2025-05-05T18:37:32.000Z","binarize_False, cv_type_random, feature_type_transcriptome, fold0, gene_list_0.2, hemisphere_both, impute_strategy_mirror_interpolate, inner cross validation, model_shared_transformer, null_model_none, omit_subcortical_False, parcellation_S400, sort_genes_refgenome, split_random42, target_FC","","512","","0.2","50","","","0.00009","","","","","","","","","0.0001","","0","","","","","30","","","","","","","","","","","","","","","","49","0.005517544183363714","0.013573704327707391","0.005517544183363714","0.9480974533436588","0.013573704327707391","0.7773480082898498","",""
"shared_transformer_transcriptome_FC_random8_fold0_innerCV","","","2025-05-05T18:26:45.000Z","646","sweep_qte2uv08","2025-05-05T18:37:31.000Z","gh010.hpc.nyu.edu","h54vcx5l","-","finished","2025-05-05T18:37:31.000Z","binarize_False, cv_type_random, feature_type_transcriptome, fold0, gene_list_0.2, hemisphere_both, impute_strategy_mirror_interpolate, inner cross validation, model_shared_transformer, null_model_none, omit_subcortical_False, parcellation_S400, sort_genes_refgenome, split_random8, target_FC","","512","","0.2","50","","","0.00009","","","","","","","","","0.0001","","0","","","","","30","","","","","","","","","","","","","","","","49","0.0058239230397387895","0.016253825169629775","0.0058239230397387895","0.941167543175108","0.016253825169629775","0.7314190007863728","",""
"shared_transformer_transcriptome_FC_random1_fold0_innerCV","","","2025-05-05T18:26:43.000Z","651","sweep_pdch44yo","2025-05-05T18:37:34.000Z","gh010.hpc.nyu.edu","uepdejki","-","finished","2025-05-05T18:37:34.000Z","binarize_False, cv_type_random, feature_type_transcriptome, fold0, gene_list_0.2, hemisphere_both, impute_strategy_mirror_interpolate, inner cross validation, model_shared_transformer, null_model_none, omit_subcortical_False, parcellation_S400, sort_genes_refgenome, split_random1, target_FC","","512","","0.2","50","","","0.00009","","","","","","","","","0.0001","","0","","","","","30","","","","","","","","","","","","","","","","49","0.004928228364667237","0.014826367018171228","0.004928228364667237","0.9685183653974004","0.014826367018171228","0.7199859627712492","",""
"shared_transformer_transcriptome_FC_random2_fold0_innerCV","","","2025-05-05T18:26:43.000Z","650","sweep_9g4g7brh","2025-05-05T18:37:33.000Z","gh010.hpc.nyu.edu","nihlyxuh","-","finished","2025-05-05T18:37:33.000Z","binarize_False, cv_type_random, feature_type_transcriptome, fold0, gene_list_0.2, hemisphere_both, impute_strategy_mirror_interpolate, inner cross validation, model_shared_transformer, null_model_none, omit_subcortical_False, parcellation_S400, sort_genes_refgenome, split_random2, target_FC","","512","","0.2","50","","","0.00009","","","","","","","","","0.0001","","0","","","","","30","","","","","","","","","","","","","","","","49","0.005485432107222847","0.01483086722258192","0.005485432107222847","0.9466448364046482","0.01483086722258192","0.7768197478854019","",""
"shared_transformer_transcriptome_FC_random7_fold0_innerCV","","","2025-05-05T18:26:43.000Z","652","sweep_h6ix2l12","2025-05-05T18:37:35.000Z","gh010.hpc.nyu.edu","5kkrubu0","-","finished","2025-05-05T18:37:35.000Z","binarize_False, cv_type_random, feature_type_transcriptome, fold0, gene_list_0.2, hemisphere_both, impute_strategy_mirror_interpolate, inner cross validation, model_shared_transformer, null_model_none, omit_subcortical_False, parcellation_S400, sort_genes_refgenome, split_random7, target_FC","","512","","0.2","50","","","0.00009","","","","","","","","","0.0001","","0","","","","","30","","","","","","","","","","","","","","","","49","0.005248889811152574","0.015242290683090689","0.005248889811152574","0.9609802507070528","0.015242290683090689","0.7157250920992337","",""
"shared_transformer_transcriptome_FC_random5_fold0_innerCV","","","2025-05-05T18:26:42.000Z","653","sweep_0u46vuzx","2025-05-05T18:37:35.000Z","gh010.hpc.nyu.edu","zvsb9wv5","-","finished","2025-05-05T18:37:35.000Z","binarize_False, cv_type_random, feature_type_transcriptome, fold0, gene_list_0.2, hemisphere_both, impute_strategy_mirror_interpolate, inner cross validation, model_shared_transformer, null_model_none, omit_subcortical_False, parcellation_S400, sort_genes_refgenome, split_random5, target_FC","","512","","0.2","50","","","0.00009","","","","","","","","","0.0001","","0","","","","","30","","","","","","","","","","","","","","","","49","0.005199035154747786","0.01734091559998118","0.005199035154747786","0.954217515602534","0.01734091559998118","0.7293869117991836","",""
"shared_transformer_transcriptome_FC_random4_fold0_innerCV","","","2025-05-05T18:26:40.000Z","648","sweep_3amx3xcb","2025-05-05T18:37:28.000Z","gh010.hpc.nyu.edu","oav73e24","-","finished","2025-05-05T18:37:28.000Z","binarize_False, cv_type_random, feature_type_transcriptome, fold0, gene_list_0.2, hemisphere_both, impute_strategy_mirror_interpolate, inner cross validation, model_shared_transformer, null_model_none, omit_subcortical_False, parcellation_S400, sort_genes_refgenome, split_random4, target_FC","","512","","0.2","50","","","0.00009","","","","","","","","","0.0001","","0","","","","","30","","","","","","","","","","","","","","","","49","0.004814546412354944","0.017293144339838855","0.004814546412354944","0.9621558015256976","0.017293144339838855","0.7430032123457606","",""
"shared_transformer_transcriptome_FC_random9_fold0_innerCV","","","2025-05-05T18:26:40.000Z","652","sweep_h60zfvxk","2025-05-05T18:37:32.000Z","gh010.hpc.nyu.edu","f974jkal","-","finished","2025-05-05T18:37:32.000Z","binarize_False, cv_type_random, feature_type_transcriptome, fold0, gene_list_0.2, hemisphere_both, impute_strategy_mirror_interpolate, inner cross validation, model_shared_transformer, null_model_none, omit_subcortical_False, parcellation_S400, sort_genes_refgenome, split_random9, target_FC","","512","","0.2","50","","","0.00009","","","","","","","","","0.0001","","0","","","","","30","","","","","","","","","","","","","","","","49","0.005320940743025282","0.01544672311641849","0.005320940743025282","0.963070277514939","0.01544672311641849","0.6861166904862024","",""
"shared_transformer_transcriptome_FC_random6_fold0_innerCV","","","2025-05-05T18:26:38.000Z","654","sweep_9gidwxtq","2025-05-05T18:37:32.000Z","gh010.hpc.nyu.edu","zw9npesp","-","finished","2025-05-05T18:37:32.000Z","binarize_False, cv_type_random, feature_type_transcriptome, fold0, gene_list_0.2, hemisphere_both, impute_strategy_mirror_interpolate, inner cross validation, model_shared_transformer, null_model_none, omit_subcortical_False, parcellation_S400, sort_genes_refgenome, split_random6, target_FC","","512","","0.2","50","","","0.00009","","","","","","","","","0.0001","","0","","","","","30","","","","","","","","","","","","","","","","49","0.005494141070596357","0.028045209447065227","0.005494141070596357","0.9598882689145534","0.028045209447065227","0.6690822517899535","",""
"shared_transformer_transcriptome_FC_random1_fold0_innerCV","","","2025-05-05T18:11:11.000Z","929","sweep_pdch44yo","2025-05-05T18:26:40.000Z","gh010.hpc.nyu.edu","ljljpsit","-","finished","2025-05-05T18:26:40.000Z","binarize_False, cv_type_random, feature_type_transcriptome, fold0, gene_list_0.2, hemisphere_both, impute_strategy_mirror_interpolate, inner cross validation, model_shared_transformer, null_model_none, omit_subcortical_False, parcellation_S400, sort_genes_refgenome, split_random1, target_FC","","512","","0.2","50","","","0.00009","","","","","","","","","0.0001","","0","","","","","20","","","","","","","","","","","","","","","","49","0.005609083141541422","0.015550987042773228","0.005609083141541422","0.9591570568698932","0.015550987042773228","0.7154742313190754","",""
"shared_transformer_transcriptome_FC_random6_fold0_innerCV","","","2025-05-05T18:11:02.000Z","935","sweep_9gidwxtq","2025-05-05T18:26:37.000Z","gh010.hpc.nyu.edu","w9tod7yy","-","finished","2025-05-05T18:26:37.000Z","binarize_False, cv_type_random, feature_type_transcriptome, fold0, gene_list_0.2, hemisphere_both, impute_strategy_mirror_interpolate, inner cross validation, model_shared_transformer, null_model_none, omit_subcortical_False, parcellation_S400, sort_genes_refgenome, split_random6, target_FC","","512","","0.2","50","","","0.00009","","","","","","","","","0.0001","","0","","","","","20","","","","","","","","","","","","","","","","49","0.004558520486098852","0.015018495820605984","0.004558520486098852","0.9659511601727508","0.015018495820605984","0.7351175094245693","",""
"shared_transformer_transcriptome_FC_random3_fold0_innerCV","","","2025-05-05T18:11:01.000Z","939","sweep_b5q2ymtt","2025-05-05T18:26:40.000Z","gh010.hpc.nyu.edu","gf7eoe6t","-","finished","2025-05-05T18:26:40.000Z","binarize_False, cv_type_random, feature_type_transcriptome, fold0, gene_list_0.2, hemisphere_both, impute_strategy_mirror_interpolate, inner cross validation, model_shared_transformer, null_model_none, omit_subcortical_False, parcellation_S400, sort_genes_refgenome, split_random3, target_FC","","512","","0.2","50","","","0.00009","","","","","","","","","0.0001","","0","","","","","20","","","","","","","","","","","","","","","","49","0.005566137538540481","0.01492297352076723","0.005566137538540481","0.95004075261524","0.01492297352076723","0.7506214520732429","",""
"shared_transformer_transcriptome_FC_random5_fold0_innerCV","","","2025-05-05T18:11:00.000Z","939","sweep_0u46vuzx","2025-05-05T18:26:39.000Z","gh010.hpc.nyu.edu","lixnw25f","-","finished","2025-05-05T18:26:39.000Z","binarize_False, cv_type_random, feature_type_transcriptome, fold0, gene_list_0.2, hemisphere_both, impute_strategy_mirror_interpolate, inner cross validation, model_shared_transformer, null_model_none, omit_subcortical_False, parcellation_S400, sort_genes_refgenome, split_random5, target_FC","","512","","0.2","50","","","0.00009","","","","","","","","","0.0001","","0","","","","","20","","","","","","","","","","","","","","","","49","0.005060330595784258","0.01625595374319416","0.005060330595784258","0.9553262224931474","0.01625595374319416","0.7460541043128184","",""
"shared_transformer_transcriptome_FC_random4_fold0_innerCV","","","2025-05-05T18:10:59.000Z","938","sweep_3amx3xcb","2025-05-05T18:26:37.000Z","gh010.hpc.nyu.edu","e375z2ao","-","finished","2025-05-05T18:26:37.000Z","binarize_False, cv_type_random, feature_type_transcriptome, fold0, gene_list_0.2, hemisphere_both, impute_strategy_mirror_interpolate, inner cross validation, model_shared_transformer, null_model_none, omit_subcortical_False, parcellation_S400, sort_genes_refgenome, split_random4, target_FC","","512","","0.2","50","","","0.00009","","","","","","","","","0.0001","","0","","","","","20","","","","","","","","","","","","","","","","49","0.005058663124956265","0.017076195074388616","0.005058663124956265","0.9580410366031792","0.017076195074388616","0.7469787080061262","",""
"shared_transformer_transcriptome_FC_random2_fold0_innerCV","","","2025-05-05T18:10:57.000Z","942","sweep_9g4g7brh","2025-05-05T18:26:39.000Z","gh010.hpc.nyu.edu","j6651heg","-","finished","2025-05-05T18:26:39.000Z","binarize_False, cv_type_random, feature_type_transcriptome, fold0, gene_list_0.2, hemisphere_both, impute_strategy_mirror_interpolate, inner cross validation, model_shared_transformer, null_model_none, omit_subcortical_False, parcellation_S400, sort_genes_refgenome, split_random2, target_FC","","512","","0.2","50","","","0.00009","","","","","","","","","0.0001","","0","","","","","20","","","","","","","","","","","","","","","","49","0.005310463322566288","0.015088338369073776","0.005310463322566288","0.9514136692429128","0.015088338369073776","0.7687038952799773","",""
"shared_transformer_transcriptome_FC_random42_fold0_innerCV","","","2025-05-05T18:10:54.000Z","945","sweep_4w6vjjuv","2025-05-05T18:26:39.000Z","gh010.hpc.nyu.edu","puf4n85w","-","finished","2025-05-05T18:26:39.000Z","binarize_False, cv_type_random, feature_type_transcriptome, fold0, gene_list_0.2, hemisphere_both, impute_strategy_mirror_interpolate, inner cross validation, model_shared_transformer, null_model_none, omit_subcortical_False, parcellation_S400, sort_genes_refgenome, split_random42, target_FC","","512","","0.2","50","","","0.00009","","","","","","","","","0.0001","","0","","","","","20","","","","","","","","","","","","","","","","49","0.005380923112872803","0.015671686940969758","0.005380923112872803","0.9488455471798314","0.015671686940969758","0.7349389736986871","",""
"shared_transformer_transcriptome_FC_random7_fold0_innerCV","","","2025-05-05T18:10:46.000Z","954","sweep_h6ix2l12","2025-05-05T18:26:40.000Z","gh010.hpc.nyu.edu","b98k5p2k","-","finished","2025-05-05T18:26:40.000Z","binarize_False, cv_type_random, feature_type_transcriptome, fold0, gene_list_0.2, hemisphere_both, impute_strategy_mirror_interpolate, inner cross validation, model_shared_transformer, null_model_none, omit_subcortical_False, parcellation_S400, sort_genes_refgenome, split_random7, target_FC","","512","","0.2","50","","","0.00009","","","","","","","","","0.0001","","0","","","","","20","","","","","","","","","","","","","","","","49","0.00540050762788494","0.11529209543592654","0.00540050762788494","0.7890130970937751","0.11529209543592654","0.4743955289085132","",""
"shared_transformer_transcriptome_FC_random8_fold0_innerCV","","","2025-05-05T18:10:43.000Z","956","sweep_qte2uv08","2025-05-05T18:26:39.000Z","gh010.hpc.nyu.edu","xna7luuy","-","finished","2025-05-05T18:26:39.000Z","binarize_False, cv_type_random, feature_type_transcriptome, fold0, gene_list_0.2, hemisphere_both, impute_strategy_mirror_interpolate, inner cross validation, model_shared_transformer, null_model_none, omit_subcortical_False, parcellation_S400, sort_genes_refgenome, split_random8, target_FC","","512","","0.2","50","","","0.00009","","","","","","","","","0.0001","","0","","","","","20","","","","","","","","","","","","","","","","49","0.005620621891673839","0.014451507353582062","0.005620621891673839","0.9537799998155512","0.014451507353582062","0.7755465430664374","",""
"shared_transformer_transcriptome_FC_random9_fold0_innerCV","","","2025-05-05T18:10:43.000Z","954","sweep_h60zfvxk","2025-05-05T18:26:37.000Z","gh010.hpc.nyu.edu","nndi9vtv","-","finished","2025-05-05T18:26:37.000Z","binarize_False, cv_type_random, feature_type_transcriptome, fold0, gene_list_0.2, hemisphere_both, impute_strategy_mirror_interpolate, inner cross validation, model_shared_transformer, null_model_none, omit_subcortical_False, parcellation_S400, sort_genes_refgenome, split_random9, target_FC","","512","","0.2","50","","","0.00009","","","","","","","","","0.0001","","0","","","","","20","","","","","","","","","","","","","","","","49","0.005332785683896135","0.015763420960865915","0.005332785683896135","0.962376057543374","0.015763420960865915","0.6796200227906527","",""