"Name","Runtime","Group","Hostname","Notes","GPU Type","GPU Count","Tags","batch_size","epochs","lambda_reg","learning_rate","best_val_loss","final_test_metrics.geodesic_distance","final_test_metrics.long_r","final_test_metrics.mae","final_test_metrics.mid_r","final_test_metrics.mse","final_test_metrics.pearson_r","final_test_metrics.r2","final_test_metrics.short_r","final_train_metrics.geodesic_distance","final_train_metrics.long_r","final_train_metrics.mae","final_train_metrics.mid_r","final_train_metrics.mse","final_train_metrics.pearson_r","final_train_metrics.r2","final_train_metrics.short_r","test_mse_loss","train_mse_loss"
"bilinear_CM_transcriptome_PCA_FC_random9_fold2_final_eval","4339","sweep_7xkwfhv3","ga017.hpc.nyu.edu","-","NVIDIA A100-SXM4-80GB","1","binarize_False, cv_type_random, feature_type_transcriptome_PCA, final_eval, gene_list_0.2, hemisphere_both, impute_strategy_mirror_interpolate, model_bilinear_CM, null_model_none, omit_subcortical_False, outerfold_2, parcellation_S400, sort_genes_refgenome, split_random9, target_FC","256","125","0.001","0.0001","0.025467533399077025","15.917581416598676","0.37943010429047697","0.12489107251167296","0.4102938896236219","0.02713138237595558","0.4700630181842087","0.21670934095720615","0.4895590269961064","26.354719577837148","0.42294520989849016","0.11239749193191528","0.5022113244626243","0.022340629249811172","0.5745326978605718","0.32992554379971795","0.6370164510127716","0.02711433237053308","0.022689744562864565"
"bilinear_CM_transcriptome_PCA_FC_random9_fold1_final_eval","8035","sweep_l7a3orlv","cl002.hpc.nyu.edu","-","","","binarize_False, cv_type_random, feature_type_transcriptome_PCA, final_eval, gene_list_0.2, hemisphere_both, impute_strategy_mirror_interpolate, model_bilinear_CM, null_model_none, omit_subcortical_False, outerfold_1, parcellation_S400, sort_genes_refgenome, split_random9, target_FC","512","100","0.01","0.0005","0.02616820215749053","18.113766986127025","0.1913911184246096","0.12159817665815352","0.35364336260222135","0.025860127061605453","0.39411291598067194","0.11678204120380388","0.4576255966466307","29.21353994224351","0.3987109712086522","0.11865025758743286","0.4746178065935744","0.024510808289051056","0.5480155155963854","0.29760500780328114","0.6011153719139116","0.026719425733272847","0.025683954267840554"
"bilinear_CM_transcriptome_PCA_FC_random9_fold0_final_eval","9691","sweep_l7a3orlv","cl002.hpc.nyu.edu","-","","","binarize_False, cv_type_random, feature_type_transcriptome_PCA, final_eval, gene_list_0.2, hemisphere_both, impute_strategy_mirror_interpolate, model_bilinear_CM, null_model_none, omit_subcortical_False, outerfold_0, parcellation_S400, sort_genes_refgenome, split_random9, target_FC","512","100","0.01","0.0005","0.02616820215749053","16.009928453354128","0.39518233694337734","0.12328784912824632","0.4365826782803698","0.025834612548351288","0.506450541488105","0.24808754707046465","0.5586676550340566","29.28388564186809","0.3818140592349287","0.11833946406841278","0.4496259759532432","0.02432088740170002","0.519111319764559","0.2647339576539107","0.5485637351172914","0.026992039325145576","0.02575384914087304"
"bilinear_CM_transcriptome_PCA_FC_random8_fold3_final_eval","2043","sweep_5bbdg05k","cl002.hpc.nyu.edu","-","","","binarize_False, cv_type_random, feature_type_transcriptome_PCA, final_eval, gene_list_0.2, hemisphere_both, impute_strategy_mirror_interpolate, model_bilinear_CM, null_model_none, omit_subcortical_False, outerfold_3, parcellation_S400, sort_genes_refgenome, split_random8, target_FC","256","100","0.01","0.0001","0.025885643172716976","14.78434944453991","0.27191774553607556","0.11291782557964324","0.4538644016991209","0.02234642952680588","0.5206027980873246","0.25702753495902975","0.5589354454578755","27.819657974095968","0.38571890819692833","0.11636430025100708","0.482564784796243","0.023984253406524655","0.5535076712994711","0.30623016801003433","0.6147776592342434","0.023267592433840037","0.025138072992201176"
"bilinear_CM_transcriptome_PCA_FC_random8_fold2_final_eval","2085","sweep_5bbdg05k","cl002.hpc.nyu.edu","-","","","binarize_False, cv_type_random, feature_type_transcriptome_PCA, final_eval, gene_list_0.2, hemisphere_both, impute_strategy_mirror_interpolate, model_bilinear_CM, null_model_none, omit_subcortical_False, outerfold_2, parcellation_S400, sort_genes_refgenome, split_random8, target_FC","256","100","0.01","0.0001","0.025885643172716976","15.577036904383265","0.35562084303279123","0.1235530823469162","0.41921070602886096","0.026761246845126152","0.5157047905745578","0.2609094917052962","0.574624984637338","26.896831391655013","0.4006816758203922","0.1122741550207138","0.4900447205948757","0.022506428882479668","0.5567075762318944","0.3098294425096757","0.5967624795105032","0.02754723670545454","0.02369428313775173"
"bilinear_CM_transcriptome_PCA_FC_random8_fold1_final_eval","3739","sweep_5bbdg05k","cl002.hpc.nyu.edu","-","","","binarize_False, cv_type_random, feature_type_transcriptome_PCA, final_eval, gene_list_0.2, hemisphere_both, impute_strategy_mirror_interpolate, model_bilinear_CM, null_model_none, omit_subcortical_False, outerfold_1, parcellation_S400, sort_genes_refgenome, split_random8, target_FC","256","100","0.01","0.0001","0.025885643172716976","16.53618810668733","0.33289070050378855","0.12506504356861117","0.4167083124371914","0.027095407247543335","0.4825600833808092","0.2265375700845299","0.5319740003174358","28.865196391787624","0.4149687944530517","0.11460848152637482","0.46727794255190885","0.023098984733223915","0.5467132042684383","0.2988528115737269","0.5983064619268171","0.028219443526776397","0.0239186899831095"
"bilinear_CM_transcriptome_PCA_FC_random8_fold0_final_eval","3766","sweep_5bbdg05k","cl002.hpc.nyu.edu","-","","","binarize_False, cv_type_random, feature_type_transcriptome_PCA, final_eval, gene_list_0.2, hemisphere_both, impute_strategy_mirror_interpolate, model_bilinear_CM, null_model_none, omit_subcortical_False, outerfold_0, parcellation_S400, sort_genes_refgenome, split_random8, target_FC","256","100","0","0.0001","0.02624696155316105","15.835882596047655","0.24515211126347275","0.12237949669361116","0.36904097944241976","0.027005217969417572","0.4315528603795494","0.15756651304103664","0.4722635616784719","25.9137786549891","0.4525448254095865","0.11210273206233978","0.49958329646764665","0.022618159651756287","0.5779167612074532","0.33358395393486995","0.634470133406374","0.026746507496664337","0.0228518152005033"
"bilinear_CM_transcriptome_PCA_FC_random7_fold3_final_eval","1760","sweep_ezmrvoym","cl002.hpc.nyu.edu","-","","","binarize_False, cv_type_random, feature_type_transcriptome_PCA, final_eval, gene_list_0.2, hemisphere_both, impute_strategy_mirror_interpolate, model_bilinear_CM, null_model_none, omit_subcortical_False, outerfold_3, parcellation_S400, sort_genes_refgenome, split_random7, target_FC","256","100","0.01","0.0001","0.0266129612082652","14.991579670855764","0.4175135397835532","0.11193276941776276","0.47717370372350953","0.0224007461220026","0.560608634717163","0.31238325439042824","0.6318591620487495","27.78755489521025","0.3935628858340712","0.11600195616483688","0.4719589350406857","0.02389378286898136","0.5447534654334821","0.2967517413420434","0.5956384425328004","0.02325310029089451","0.025076200364549692"
"bilinear_CM_transcriptome_PCA_FC_random7_fold2_final_eval","1763","sweep_ezmrvoym","cl002.hpc.nyu.edu","-","","","binarize_False, cv_type_random, feature_type_transcriptome_PCA, final_eval, gene_list_0.2, hemisphere_both, impute_strategy_mirror_interpolate, model_bilinear_CM, null_model_none, omit_subcortical_False, outerfold_2, parcellation_S400, sort_genes_refgenome, split_random7, target_FC","256","100","0.01","0.0001","0.0266129612082652","15.836755946003676","0.35251016486447906","0.12626129388809204","0.4393531797664899","0.026652757078409195","0.5241116770115948","0.2716533846136432","0.5840338568785177","26.257205725894575","0.37002352426721824","0.11053576320409776","0.4881079575210353","0.022302458062767982","0.5547121621597956","0.30761571399930343","0.6007978688302628","0.027424900938628937","0.02337842036211333"
"bilinear_CM_transcriptome_PCA_FC_random7_fold1_final_eval","4705","sweep_bqdkfpa0","ga017.hpc.nyu.edu","-","NVIDIA A100-SXM4-80GB","1","binarize_False, cv_type_random, feature_type_transcriptome_PCA, final_eval, gene_list_0.2, hemisphere_both, impute_strategy_mirror_interpolate, model_bilinear_CM, null_model_none, omit_subcortical_False, outerfold_1, parcellation_S400, sort_genes_refgenome, split_random7, target_FC","512","125","0","0.0001","0.029027901231669463","15.041366406712784","0.2969922009337112","0.11672747880220412","0.4001140590215459","0.02399410307407379","0.4776209546857169","0.22550283217858524","0.5436701261899637","25.489698359672428","0.4709273109930028","0.11408364027738573","0.4960590652897086","0.02284974232316017","0.5770639404924103","0.33284662520270103","0.6345328444636015","0.02366337402222248","0.02302761896952396"
"bilinear_CM_transcriptome_PCA_FC_random7_fold1_final_eval","3483","sweep_ezmrvoym","cl002.hpc.nyu.edu","-","","","binarize_False, cv_type_random, feature_type_transcriptome_PCA, final_eval, gene_list_0.2, hemisphere_both, impute_strategy_mirror_interpolate, model_bilinear_CM, null_model_none, omit_subcortical_False, outerfold_1, parcellation_S400, sort_genes_refgenome, split_random7, target_FC","256","100","0.01","0.0001","0.0266129612082652","15.432253177821964","0.2966929075843146","0.11603286117315292","0.40153725825451886","0.02398696355521679","0.4760078727990525","0.22573328292227368","0.5338031272094625","27.698227513555388","0.4513860753566733","0.11443998664617538","0.4919562692962251","0.023177970200777057","0.5686427350788704","0.3232632294182979","0.6217296541844308","0.02487294249893988","0.02429551381626008"
"bilinear_CM_transcriptome_PCA_FC_random7_fold0_final_eval","3839","sweep_ezmrvoym","cl002.hpc.nyu.edu","-","","","binarize_False, cv_type_random, feature_type_transcriptome_PCA, final_eval, gene_list_0.2, hemisphere_both, impute_strategy_mirror_interpolate, model_bilinear_CM, null_model_none, omit_subcortical_False, outerfold_0, parcellation_S400, sort_genes_refgenome, split_random7, target_FC","256","100","0.01","0.0001","0.0266129612082652","17.420134163737345","0.3543522934224988","0.11886733770370483","0.4133554852422373","0.02558947540819645","0.4907034492682191","0.23036973844052389","0.5506761499352965","27.924192984441873","0.39023915699904","0.11494357138872148","0.4772906433965287","0.02320188097655773","0.5569486746472511","0.31019052953236903","0.6213558483167517","0.027220682752336946","0.024320591537170852"
"bilinear_CM_transcriptome_PCA_FC_random6_fold3_final_eval","1088","sweep_h8n0q77e","cl002.hpc.nyu.edu","-","","","binarize_False, cv_type_random, feature_type_transcriptome_PCA, final_eval, gene_list_0.2, hemisphere_both, impute_strategy_mirror_interpolate, model_bilinear_CM, null_model_none, omit_subcortical_False, outerfold_3, parcellation_S400, sort_genes_refgenome, split_random6, target_FC","256","125","0","0.0001","0.027497067517947917","15.370034698311157","0.46502151938774633","0.11566077172756196","0.4618762083657764","0.0234934501349926","0.4991176923422491","0.24778197926526235","0.4996412320213808","26.0927573800384","0.3666574967181498","0.11617536842823029","0.47036522683221343","0.02342340350151062","0.5613037319089397","0.3146470879311123","0.6265006664044034","0.023394246688112616","0.02350606215023027"
"bilinear_CM_transcriptome_PCA_FC_random6_fold2_final_eval","3583","sweep_ynzx1kqd","ga017.hpc.nyu.edu","-","NVIDIA A100-SXM4-80GB","1","binarize_False, cv_type_random, feature_type_transcriptome_PCA, final_eval, gene_list_0.2, hemisphere_both, impute_strategy_mirror_interpolate, model_bilinear_CM, null_model_none, omit_subcortical_False, outerfold_2, parcellation_S400, sort_genes_refgenome, split_random6, target_FC","256","100","0","0.0001","0.028989207803034316","16.64394338516949","0.2852353808311622","0.1210990846157074","0.467463023745477","0.024906029924750328","0.5419254049969993","0.27641612018449013","0.5915153656704726","26.29683520250685","0.4217311633657887","0.11473757773637772","0.4688841162356796","0.0231834314763546","0.5482098132257982","0.2999347685273671","0.605996582308842","0.024729221474890616","0.023320113109305467"
"bilinear_CM_transcriptome_PCA_FC_random6_fold1_final_eval","10348","sweep_h8n0q77e","cl002.hpc.nyu.edu","-","","","binarize_False, cv_type_random, feature_type_transcriptome_PCA, final_eval, gene_list_0.2, hemisphere_both, impute_strategy_mirror_interpolate, model_bilinear_CM, null_model_none, omit_subcortical_False, outerfold_1, parcellation_S400, sort_genes_refgenome, split_random6, target_FC","512","125","0.01","0.0001","0.029156415866544612","15.519203415497442","0.29917031977156106","0.11874395608901978","0.3942288851093694","0.02488633245229721","0.4863962175931787","0.22461642154546943","0.5477689955661535","27.252341781631294","0.4076799932061351","0.1140373945236206","0.4900558260085711","0.023417161777615547","0.5529989552364537","0.30571922385743255","0.6013398952040647","0.029218309344007418","0.02433524806758118"
"bilinear_CM_transcriptome_PCA_FC_random6_fold0_final_eval","4815","sweep_h8n0q77e","cl002.hpc.nyu.edu","-","","","binarize_False, cv_type_random, feature_type_transcriptome_PCA, final_eval, gene_list_0.2, hemisphere_both, impute_strategy_mirror_interpolate, model_bilinear_CM, null_model_none, omit_subcortical_False, outerfold_0, parcellation_S400, sort_genes_refgenome, split_random6, target_FC","256","125","0.1","0.0001","0.02984422043550248","20.735573558191103","0.22106202632285532","0.12191784381866456","0.397907438069006","0.027065055444836617","0.47935430521713834","0.22574478495594608","0.5431050516083216","35.513293737967274","0.364275552677822","0.11609992384910583","0.4311285215986764","0.02483323961496353","0.508019677340775","0.24674762652057125","0.5461242174923051","0.030706510367785017","0.02873508654797972"
"bilinear_CM_transcriptome_PCA_FC_random5_fold3_final_eval","5540","sweep_nd3ms218","cl002.hpc.nyu.edu","-","","","binarize_False, cv_type_random, feature_type_transcriptome_PCA, final_eval, gene_list_0.2, hemisphere_both, impute_strategy_mirror_interpolate, model_bilinear_CM, null_model_none, omit_subcortical_False, outerfold_3, parcellation_S400, sort_genes_refgenome, split_random5, target_FC","512","125","0","0.0001","0.028555657965346024","15.227357412780416","0.27407066013089043","0.12157606333494186","0.4193469109057674","0.025538021698594093","0.5079467685775856","0.22264632436606413","0.5746549851272705","25.453348049254355","0.4174114643711605","0.11340433359146118","0.49910955125487383","0.023144548758864403","0.5645740959155557","0.3180787202357688","0.6232756512445171","0.025397024005651473","0.02320854203252677"
"bilinear_CM_transcriptome_PCA_FC_random5_fold2_final_eval","3607","sweep_diabdyji","ga017.hpc.nyu.edu","-","NVIDIA A100-SXM4-80GB","1","binarize_False, cv_type_random, feature_type_transcriptome_PCA, final_eval, gene_list_0.2, hemisphere_both, impute_strategy_mirror_interpolate, model_bilinear_CM, null_model_none, omit_subcortical_False, outerfold_2, parcellation_S400, sort_genes_refgenome, split_random5, target_FC","256","100","0.001","0.0001","0.028612270713875107","15.017749122893226","0.3280323785665241","0.11254014819860458","0.3910823545757835","0.022769121453166008","0.490242274228243","0.2328028443194785","0.5712834603660341","25.518997099683105","0.4333709511305042","0.11764994263648988","0.485172783188885","0.023691605776548386","0.5620688531328355","0.31550262366303117","0.614254745216064","0.02280263569863403","0.023983312244413968"
"bilinear_CM_transcriptome_PCA_FC_random5_fold1_final_eval","442","sweep_nd3ms218","cl002.hpc.nyu.edu","-","","","binarize_False, cv_type_random, feature_type_transcriptome_PCA, final_eval, gene_list_0.2, hemisphere_both, impute_strategy_mirror_interpolate, model_bilinear_CM, null_model_none, omit_subcortical_False, outerfold_1, parcellation_S400, sort_genes_refgenome, split_random5, target_FC","256","125","0.01","0.0001","0.029392622630385792","16.06232092976108","0.4756331657544775","0.1190418303012848","0.44351470063419407","0.025979574769735336","0.5335694513570148","0.28296804475889814","0.5524144717021005","27.907087466989193","0.3490151362800363","0.11416315287351608","0.4724064407812339","0.02335282787680626","0.5362530882214191","0.2874345292894347","0.5920101168693528","0.02736973612770146","0.02441110224699474"
"bilinear_CM_transcriptome_PCA_FC_random5_fold0_final_eval","430","sweep_nd3ms218","cl002.hpc.nyu.edu","-","","","binarize_False, cv_type_random, feature_type_transcriptome_PCA, final_eval, gene_list_0.2, hemisphere_both, impute_strategy_mirror_interpolate, model_bilinear_CM, null_model_none, omit_subcortical_False, outerfold_0, parcellation_S400, sort_genes_refgenome, split_random5, target_FC","256","125","0.01","0.0001","0.029392622630385792","17.365522967836014","0.2532785326114769","0.12961076200008392","0.3945386776225779","0.02926911972463131","0.4488821608388026","0.19939286521149868","0.5241162211921342","26.627779380235868","0.4402500412122564","0.11042506247758864","0.4875919234594732","0.021935706958174706","0.578434458255979","0.33446803791597457","0.6229373986478389","0.03008770959123093","0.023150063985362485"
"bilinear_CM_transcriptome_PCA_FC_random4_fold3_final_eval","2231","sweep_l4zply1v","cl002.hpc.nyu.edu","-","","","binarize_False, cv_type_random, feature_type_transcriptome_PCA, final_eval, gene_list_0.2, hemisphere_both, impute_strategy_mirror_interpolate, model_bilinear_CM, null_model_none, omit_subcortical_False, outerfold_3, parcellation_S400, sort_genes_refgenome, split_random4, target_FC","512","75","0.001","0.0005","0.024117884512704153","15.414587360518546","0.32925105635347574","0.1308586448431015","0.4372342714247582","0.029619013890624046","0.5034375308959871","0.24754729338114145","0.5651475645880637","28.61270123635797","0.3768095761122752","0.11679410189390182","0.43570012306102457","0.023788029327988625","0.5131020692030049","0.2552139665145662","0.54640361737551","0.029847971424460412","0.02418373749803817"
"bilinear_CM_transcriptome_PCA_FC_random4_fold2_final_eval","4484","sweep_jra461ja","ga017.hpc.nyu.edu","-","NVIDIA A100-SXM4-80GB","1","binarize_False, cv_type_random, feature_type_transcriptome_PCA, final_eval, gene_list_0.2, hemisphere_both, impute_strategy_mirror_interpolate, model_bilinear_CM, null_model_none, omit_subcortical_False, outerfold_2, parcellation_S400, sort_genes_refgenome, split_random4, target_FC","256","125","0.001","0.0001","0.023943003851409052","15.093014612922806","0.33593925963717014","0.10741084814071657","0.39745570714380835","0.0204695388674736","0.5069709744163852","0.24803197225852813","0.5899724502567372","25.210300817447077","0.4393935040419577","0.11920001357793808","0.49842079837767134","0.024478426203131676","0.5652075776133688","0.3191128618942004","0.6200541414258459","0.020487759326237674","0.024863312164810848"
"bilinear_CM_transcriptome_PCA_FC_random4_fold1_final_eval","3295","sweep_l4zply1v","cl002.hpc.nyu.edu","-","","","binarize_False, cv_type_random, feature_type_transcriptome_PCA, final_eval, gene_list_0.2, hemisphere_both, impute_strategy_mirror_interpolate, model_bilinear_CM, null_model_none, omit_subcortical_False, outerfold_1, parcellation_S400, sort_genes_refgenome, split_random4, target_FC","512","75","0.001","0.0005","0.024117884512704153","17.347261189424792","0.2828757189092682","0.13586564362049103","0.4130234482837886","0.03110402077436447","0.44846420278495286","0.1920761833797725","0.4781136022139104","28.01535743251859","0.3592346505203572","0.11461783945560455","0.4634188333390138","0.022926321253180504","0.5350154641724016","0.2788590116305709","0.5745585941774226","0.03179853047745732","0.023265484318399744"
"bilinear_CM_transcriptome_PCA_FC_random4_fold0_final_eval","5158","sweep_l4zply1v","cl002.hpc.nyu.edu","-","","","binarize_False, cv_type_random, feature_type_transcriptome_PCA, final_eval, gene_list_0.2, hemisphere_both, impute_strategy_mirror_interpolate, model_bilinear_CM, null_model_none, omit_subcortical_False, outerfold_0, parcellation_S400, sort_genes_refgenome, split_random4, target_FC","512","125","0.001","0.0001","0.02949425527969232","14.320232900423944","0.3740358717207112","0.11576520651578905","0.442278017540982","0.023081574589014053","0.5436101466612341","0.24181402894351536","0.6027660249636309","26.081082531563087","0.43209218189864823","0.11568263173103333","0.4868086438368529","0.023859504610300064","0.5576701818119755","0.3109827842407471","0.6202988626956144","0.023297648053043164","0.024190540142390173"
"bilinear_CM_transcriptome_PCA_FC_random42_fold3_final_eval","1481","sweep_i60d5ixd","cl002.hpc.nyu.edu","-","","","binarize_False, cv_type_random, feature_type_transcriptome_PCA, final_eval, gene_list_0.2, hemisphere_both, impute_strategy_mirror_interpolate, model_bilinear_CM, null_model_none, omit_subcortical_False, outerfold_3, parcellation_S400, sort_genes_refgenome, split_random42, target_FC","256","125","0.01","0.0001","0.026929913490426307","15.43161716392876","0.3630665439190731","0.11725310981273653","0.4348161904675445","0.02429388090968132","0.5331745872639585","0.260304319219852","0.6158317424558604","28.365673679893813","0.40774871591564177","0.11424042284488678","0.4845499256355301","0.02338969148695469","0.5572035570889636","0.310431627024901","0.6037961191699676","0.025207823663949965","0.024595718838993395"
"bilinear_CM_transcriptome_PCA_FC_random42_fold2_final_eval","2100","sweep_i60d5ixd","cl002.hpc.nyu.edu","-","","","binarize_False, cv_type_random, feature_type_transcriptome_PCA, final_eval, gene_list_0.2, hemisphere_both, impute_strategy_mirror_interpolate, model_bilinear_CM, null_model_none, omit_subcortical_False, outerfold_2, parcellation_S400, sort_genes_refgenome, split_random42, target_FC","256","125","0.01","0.0001","0.026929913490426307","15.972594164669983","0.22178039252155413","0.11985276639461516","0.4197042144835667","0.025573642924427983","0.5032008146355689","0.2468559447127009","0.6181008804551776","26.828877879481706","0.41200568165568535","0.11364758014678956","0.48278163909491423","0.022952375933527943","0.554355074165318","0.3070243544769513","0.5920006716169346","0.02643811016106138","0.024029689592208556"
"bilinear_CM_transcriptome_PCA_FC_random42_fold1_final_eval","4115","sweep_xuagjf9k","ga017.hpc.nyu.edu","-","NVIDIA A100-SXM4-80GB","1","binarize_False, cv_type_random, feature_type_transcriptome_PCA, final_eval, gene_list_0.2, hemisphere_both, impute_strategy_mirror_interpolate, model_bilinear_CM, null_model_none, omit_subcortical_False, outerfold_1, parcellation_S400, sort_genes_refgenome, split_random42, target_FC","512","125","0.001","0.0001","0.026329354633792088","14.626147211974883","0.3862098097076108","0.12188799679279327","0.4082808697204676","0.0262610986828804","0.5026867645422657","0.2506404728978914","0.5504917284157305","25.03740367166927","0.40635357461465615","0.11259899288415907","0.5026787602986995","0.022380230948328972","0.5725252160317422","0.32758623655658936","0.6331175050951443","0.025826677250174377","0.02265198884884691"
"bilinear_CM_transcriptome_PCA_FC_random42_fold0_final_eval","11976","sweep_i60d5ixd","cl002.hpc.nyu.edu","-","","","binarize_False, cv_type_random, feature_type_transcriptome_PCA, final_eval, gene_list_0.2, hemisphere_both, impute_strategy_mirror_interpolate, model_bilinear_CM, null_model_none, omit_subcortical_False, outerfold_0, parcellation_S400, sort_genes_refgenome, split_random42, target_FC","512","125","0.001","0.0001","0.028353542626763765","15.225838013179288","0.3660065552820099","0.11839091777801514","0.44825778977466135","0.02478206902742386","0.49476498860709706","0.2430458699536836","0.501213941858006","25.18780438440529","0.4177957092422099","0.1136036366224289","0.4851091523835917","0.02302161045372486","0.5660669064087926","0.3204155905655891","0.634683622662368","0.024597126345794935","0.02331198629664692"
"bilinear_CM_transcriptome_PCA_FC_random3_fold3_final_eval","1689","sweep_f7sbmwym","cl002.hpc.nyu.edu","-","","","binarize_False, cv_type_random, feature_type_transcriptome_PCA, final_eval, gene_list_0.2, hemisphere_both, impute_strategy_mirror_interpolate, model_bilinear_CM, null_model_none, omit_subcortical_False, outerfold_3, parcellation_S400, sort_genes_refgenome, split_random3, target_FC","256","125","0","0.0001","0.02734394066547062","15.6441704386593","0.33203731046059914","0.1208387091755867","0.4056820925918932","0.025119438767433167","0.4635269841638563","0.20384905832631395","0.5208231568702538","25.388792546557756","0.4189237129111412","0.11374904215335846","0.4954945726637459","0.022952105849981308","0.5712976514747159","0.32621561705287094","0.6254701706490206","0.02501149395480752","0.023098440260806104"
"bilinear_CM_transcriptome_PCA_FC_random3_fold2_final_eval","2120","sweep_f7sbmwym","cl002.hpc.nyu.edu","-","","","binarize_False, cv_type_random, feature_type_transcriptome_PCA, final_eval, gene_list_0.2, hemisphere_both, impute_strategy_mirror_interpolate, model_bilinear_CM, null_model_none, omit_subcortical_False, outerfold_2, parcellation_S400, sort_genes_refgenome, split_random3, target_FC","256","125","0","0.0001","0.02734394066547062","15.212837704329615","0.324947553646252","0.11251994222402573","0.42883578031636355","0.022558728232979774","0.5073432976782961","0.24374539053485755","0.5718016989384397","25.288097713387774","0.4286568479146444","0.1160435900092125","0.49750719212917494","0.02358064614236355","0.5646640703099044","0.31826106508712315","0.61612521796458","0.022398656526324796","0.02376040523135767"
"bilinear_CM_transcriptome_PCA_FC_random3_fold1_final_eval","3896","sweep_f7sbmwym","cl002.hpc.nyu.edu","-","","","binarize_False, cv_type_random, feature_type_transcriptome_PCA, final_eval, gene_list_0.2, hemisphere_both, impute_strategy_mirror_interpolate, model_bilinear_CM, null_model_none, omit_subcortical_False, outerfold_1, parcellation_S400, sort_genes_refgenome, split_random3, target_FC","256","125","0","0.0001","0.02734394066547062","14.547500728499864","0.3462167201002786","0.11892840266227722","0.41329920551252775","0.02470381185412407","0.5174128055940932","0.2544919486012863","0.5904919441278779","25.600625172934265","0.4291995499373252","0.11463969945907591","0.4932210980034882","0.023099260404706","0.5584248728313956","0.31166209411174506","0.6081494334725354","0.024596560719039512","0.023334903895410875"
"bilinear_CM_transcriptome_PCA_FC_random3_fold0_final_eval","4163","sweep_f7sbmwym","cl002.hpc.nyu.edu","-","","","binarize_False, cv_type_random, feature_type_transcriptome_PCA, final_eval, gene_list_0.2, hemisphere_both, impute_strategy_mirror_interpolate, model_bilinear_CM, null_model_none, omit_subcortical_False, outerfold_0, parcellation_S400, sort_genes_refgenome, split_random3, target_FC","256","125","0","0.0005","0.02801072525371816","15.261462376714626","0.40712129284846155","0.13203665614128113","0.4565193194421525","0.028966251760721207","0.5072521905209731","0.2515583817449186","0.5335342646328474","29.124795984390957","0.3396763348576935","0.11949945986270905","0.408812891223188","0.02485092170536518","0.48895431552522767","0.21951937947303068","0.5434388179588899","0.029701450821377484","0.027483645812186843"
"bilinear_CM_transcriptome_PCA_FC_random2_fold3_final_eval","2122","sweep_50wzlk9h","ga017.hpc.nyu.edu","-","NVIDIA A100-SXM4-80GB","1","binarize_False, cv_type_random, feature_type_transcriptome_PCA, final_eval, gene_list_0.2, hemisphere_both, impute_strategy_mirror_interpolate, model_bilinear_CM, null_model_none, omit_subcortical_False, outerfold_3, parcellation_S400, sort_genes_refgenome, split_random2, target_FC","512","75","0","0.0005","0.025158745953096792","15.187592476271853","0.2791958863792403","0.1271512359380722","0.47372494234635537","0.027049554511904716","0.535212582853076","0.26641792906218953","0.6215295513070451","26.345495382881552","0.4089622563761851","0.11821799725294112","0.4326619107653203","0.024137886241078377","0.5248478808025844","0.2623917361379554","0.572844074847841","0.0270216965675354","0.024506275795334785"
"bilinear_CM_transcriptome_PCA_FC_random2_fold2_final_eval","8813","sweep_hyyq9qq2","cl002.hpc.nyu.edu","-","","","binarize_False, cv_type_random, feature_type_transcriptome_PCA, final_eval, gene_list_0.2, hemisphere_both, impute_strategy_mirror_interpolate, model_bilinear_CM, null_model_none, omit_subcortical_False, outerfold_2, parcellation_S400, sort_genes_refgenome, split_random2, target_FC","512","125","0.001","0.0001","0.024900258482935336","16.335478603432403","0.3850740506980592","0.11602552980184556","0.3679593434382267","0.02425598725676537","0.4340373337654766","0.15122890992764204","0.46167202197660007","25.837762432024228","0.42145508734990966","0.11564604938030244","0.5037083277924455","0.02354695275425911","0.5732001890872653","0.3285496464221648","0.629669382632211","0.026860593209186427","0.023832033786282663"
"bilinear_CM_transcriptome_PCA_FC_random2_fold1_final_eval","2744","sweep_hyyq9qq2","cl002.hpc.nyu.edu","-","","","binarize_False, cv_type_random, feature_type_transcriptome_PCA, final_eval, gene_list_0.2, hemisphere_both, impute_strategy_mirror_interpolate, model_bilinear_CM, null_model_none, omit_subcortical_False, outerfold_1, parcellation_S400, sort_genes_refgenome, split_random2, target_FC","256","100","0.01","0.0001","0.02523686820823772","15.163765272283046","0.42640587619570974","0.12166213989257812","0.5023258265883893","0.025936275720596313","0.5536384152157174","0.30375154692403095","0.5615095876430278","27.763362518766204","0.3361707310288671","0.11202448606491087","0.4730525647348288","0.02258269116282463","0.5464607623543621","0.29860334513086917","0.6095921343835164","0.02664209861198769","0.02369436994606165"
"bilinear_CM_transcriptome_PCA_FC_random2_fold0_final_eval","9641","sweep_hyyq9qq2","cl002.hpc.nyu.edu","-","","","binarize_False, cv_type_random, feature_type_transcriptome_PCA, final_eval, gene_list_0.2, hemisphere_both, impute_strategy_mirror_interpolate, model_bilinear_CM, null_model_none, omit_subcortical_False, outerfold_0, parcellation_S400, sort_genes_refgenome, split_random2, target_FC","512","100","0.01","0.0001","0.026259877253323793","15.643560671409375","0.27896054588397284","0.11767227202653883","0.3687384209514225","0.02419828437268734","0.4825680696760797","0.2209584793935269","0.5814633681845361","25.840273136648932","0.4258623710674372","0.1139569655060768","0.5038634046696301","0.02298707142472267","0.5712247900543408","0.3262147891984727","0.6172323301762687","0.02507102693646","0.024098225520505254"
"bilinear_CM_transcriptome_PCA_FC_random1_fold3_final_eval","261","sweep_m6dn3p6z","cl002.hpc.nyu.edu","-","","","binarize_False, cv_type_random, feature_type_transcriptome_PCA, final_eval, gene_list_0.2, hemisphere_both, impute_strategy_mirror_interpolate, model_bilinear_CM, null_model_none, omit_subcortical_False, outerfold_3, parcellation_S400, sort_genes_refgenome, split_random1, target_FC","256","75","0.1","0.0001","0.027452316262996664","22.01715012859506","0.15752014091409858","0.12629909813404083","0.4360623858707803","0.02888862043619156","0.4864482807282944","0.20954792052642224","0.5619450475488014","37.60355496668835","0.363850930134439","0.1163136512041092","0.41226352492114227","0.02499398961663246","0.49981096017139415","0.2387014903562915","0.5355592694008358","0.03207368947565556","0.028433313327759765"
"bilinear_CM_transcriptome_PCA_FC_random1_fold2_final_eval","4379","sweep_xe6uv7c0","ga017.hpc.nyu.edu","-","NVIDIA A100-SXM4-80GB","1","binarize_False, cv_type_random, feature_type_transcriptome_PCA, final_eval, gene_list_0.2, hemisphere_both, impute_strategy_mirror_interpolate, model_bilinear_CM, null_model_none, omit_subcortical_False, outerfold_2, parcellation_S400, sort_genes_refgenome, split_random1, target_FC","256","125","0.001","0.0001","0.025301788623134296","14.33356943010524","0.4113614112722343","0.12312734872102736","0.46651754366448206","0.025865837931632996","0.5726672495021563","0.32570088855011337","0.6174177264912858","26.27910327023236","0.37692431486790384","0.11259888112545012","0.4833402504165066","0.022491853684186935","0.5470097753431715","0.2991616281690622","0.6078588445984161","0.025884680504746297","0.022827988391779117"
"bilinear_CM_transcriptome_PCA_FC_random1_fold1_final_eval","407","sweep_m6dn3p6z","cl002.hpc.nyu.edu","-","","","binarize_False, cv_type_random, feature_type_transcriptome_PCA, final_eval, gene_list_0.2, hemisphere_both, impute_strategy_mirror_interpolate, model_bilinear_CM, null_model_none, omit_subcortical_False, outerfold_1, parcellation_S400, sort_genes_refgenome, split_random1, target_FC","256","125","0.1","0.0005","0.032111583387150484","20.56039002983929","0.28061150509999155","0.12169144302606584","0.32553266277231657","0.026055455207824707","0.3843872521239712","0.12959267320481782","0.4086617260176831","36.72614201738514","0.3114308858055124","0.12340357154607771","0.3876438436701644","0.02720361016690731","0.4668781595504528","0.21620557379502903","0.5104407055020334","0.030977659511799906","0.03226982228145431"
"bilinear_CM_transcriptome_PCA_FC_random1_fold0_final_eval","12081","sweep_m6dn3p6z","cl002.hpc.nyu.edu","-","","","binarize_False, cv_type_random, feature_type_transcriptome_PCA, final_eval, gene_list_0.2, hemisphere_both, impute_strategy_mirror_interpolate, model_bilinear_CM, null_model_none, omit_subcortical_False, outerfold_0, parcellation_S400, sort_genes_refgenome, split_random1, target_FC","512","125","0.001","0.0001","0.0390470540867402","16.57866236122272","0.33012899630767834","0.11555146425962448","0.40297585462082336","0.02311193197965622","0.4881305628368679","0.2194196780085423","0.5462717425648536","25.805529173470564","0.42862260613421943","0.11553068459033966","0.4904037875714278","0.023596489802002907","0.5633011752282383","0.3170430422333482","0.6122001008576475","0.02346678525925829","0.023897317718172915"