Name,final_train_metrics.pearson_r,final_test_metrics.pearson_r,Created,Runtime,End Time,Hostname,Notes,State,Tags,aug_prob,batch_size,binarize,d_model,deep_hidden_dims,dropout_rate,encoder_output_dim,epochs,include_coords,input_dim,lambda_reg,learning_rate,nhead,num_layers,token_encoder_dim,transformer_dropout,weight_decay,best_val_loss,final_test_metrics.geodesic_distance,final_test_metrics.long_r,final_test_metrics.mae,final_test_metrics.mid_r,final_test_metrics.mse,final_test_metrics.pearson_corr,final_test_metrics.r2,final_test_metrics.short_r,final_train_metrics.geodesic_distance,final_train_metrics.long_r,final_train_metrics.mae,final_train_metrics.mid_r,final_train_metrics.mse,final_train_metrics.pearson_corr,final_train_metrics.r2,final_train_metrics.short_r,fold0_epoch,fold0_train_loss,fold0_train_pearson,fold0_val_loss,fold0_val_pearson,fold1_epoch,fold1_train_loss,fold1_train_pearson,fold1_val_loss,fold1_val_pearson,fold2_epoch,fold2_train_loss,fold2_train_pearson,fold2_val_loss,fold2_val_pearson,inner_fold,mean_train_loss,mean_train_pearson,mean_val_loss,mean_val_pearson,test_mse_loss,test_pearson,train_mse_loss,train_pearson,use_alibi,best_parameters.use_alibis,parameters.use_alibis
shared_transformer_transcriptome_FC_random1_fold2_final_eval,0.97650474,0.847029401,2025-05-07T05:16:25.000Z,3449,2025-05-07T06:13:54.000Z,gh015.hpc.nyu.edu,-,finished,"binarize_False, cv_type_random, feature_type_transcriptome, final_eval, gene_list_0.2, hemisphere_both, impute_strategy_mirror_interpolate, model_shared_transformer, null_model_none, omit_subcortical_False, outerfold_2, parcellation_S400, sort_genes_refgenome, split_random1, target_FC",0.2,512,FALSE,128,"[256,128]",0.2,10,50,,14760,,0.00009,4,2,60,0.2,0.0001,0,9.932060201,0.795560961,0.074097231,0.808334354,0.010897255,,0.715918414,0.869464464,16.67583113,0.970119463,0.028216634,0.975354116,0.001539203,,0.952038951,0.978751861,,,,,,,,,,,,,,,,,,,,,0.010727517,,0.003272312,,TRUE,,
shared_transformer_transcriptome_FC_random9_fold3_final_eval,0.975451269,0.842610128,2025-05-07T06:06:23.000Z,3414,2025-05-07T07:03:17.000Z,gh015.hpc.nyu.edu,-,finished,"binarize_False, cv_type_random, feature_type_transcriptome, final_eval, gene_list_0.2, hemisphere_both, impute_strategy_mirror_interpolate, model_shared_transformer, null_model_none, omit_subcortical_False, outerfold_3, parcellation_S400, sort_genes_refgenome, split_random9, target_FC",0.2,512,FALSE,128,"[256,128]",0.2,10,50,,14760,,0.00009,4,2,60,0.2,0.0001,0,8.714810651,0.643490829,0.072138026,0.810348998,0.010777772,,0.705389834,0.86814172,15.97777651,0.970231774,0.028955676,0.973438543,0.001600245,,0.951385651,0.977750137,,,,,,,,,,,,,,,,,,,,,0.010808861,,0.00418861,,TRUE,,
shared_transformer_transcriptome_FC_random3_fold0_final_eval,0.980156012,0.831612369,2025-05-07T03:24:49.000Z,3046,2025-05-07T04:15:35.000Z,gh015.hpc.nyu.edu,-,finished,"binarize_False, cv_type_random, feature_type_transcriptome, final_eval, gene_list_0.2, hemisphere_both, impute_strategy_mirror_interpolate, model_shared_transformer, null_model_none, omit_subcortical_False, outerfold_0, parcellation_S400, sort_genes_refgenome, split_random3, target_FC",0.2,512,FALSE,128,"[256,128]",0.2,10,50,,14760,,0.00009,4,2,60,0.2,0.0001,0,9.922932172,0.732400669,0.078778744,0.814852028,0.012086879,,0.687694367,0.855749205,14.1177053,0.975890227,0.025673674,0.977843599,0.001284199,,0.959667801,0.981786937,,,,,,,,,,,,,,,,,,,,,0.011930454,,0.002995175,,TRUE,,
shared_transformer_transcriptome_FC_random2_fold1_final_eval,0.975051183,0.82621358,2025-05-07T04:32:54.000Z,3369,2025-05-07T05:29:03.000Z,gh015.hpc.nyu.edu,-,finished,"binarize_False, cv_type_random, feature_type_transcriptome, final_eval, gene_list_0.2, hemisphere_both, impute_strategy_mirror_interpolate, model_shared_transformer, null_model_none, omit_subcortical_False, outerfold_1, parcellation_S400, sort_genes_refgenome, split_random2, target_FC",0.2,512,FALSE,128,"[256,128]",0.2,10,50,,14760,,0.00009,4,2,60,0.2,0.0001,0,10.50511954,0.814995005,0.077736512,0.809422326,0.011846494,,0.68198585,0.81674817,14.92684945,0.970233315,0.028687825,0.973166879,0.001609641,,0.9500061,0.976387149,,,,,,,,,,,,,,,,,,,,,0.011687909,,0.003587243,,TRUE,,
shared_transformer_transcriptome_FC_random8_fold1_final_eval,0.977196924,0.823986592,2025-05-07T04:28:27.000Z,3335,2025-05-07T05:24:02.000Z,gh015.hpc.nyu.edu,-,finished,"binarize_False, cv_type_random, feature_type_transcriptome, final_eval, gene_list_0.2, hemisphere_both, impute_strategy_mirror_interpolate, model_shared_transformer, null_model_none, omit_subcortical_False, outerfold_1, parcellation_S400, sort_genes_refgenome, split_random8, target_FC",0.2,512,FALSE,128,"[256,128]",0.2,10,50,,14760,,0.00009,4,2,60,0.2,0.0001,0,10.32379375,0.700150493,0.074599996,0.807703834,0.011401859,,0.674523802,0.852247659,14.21312288,0.971535503,0.027888205,0.975253678,0.001520818,,0.953837057,0.977685081,,,,,,,,,,,,,,,,,,,,,0.011395837,,0.003504016,,TRUE,,
shared_transformer_transcriptome_FC_random42_fold1_final_eval,0.97631301,0.823331295,2025-05-07T04:30:57.000Z,3340,2025-05-07T05:26:37.000Z,gh015.hpc.nyu.edu,-,finished,"binarize_False, cv_type_random, feature_type_transcriptome, final_eval, gene_list_0.2, hemisphere_both, impute_strategy_mirror_interpolate, model_shared_transformer, null_model_none, omit_subcortical_False, outerfold_1, parcellation_S400, sort_genes_refgenome, split_random42, target_FC",0.2,512,FALSE,128,"[256,128]",0.2,10,50,,14760,,0.00009,4,2,60,0.2,0.0001,0,11.27743153,0.805449497,0.074716255,0.78677684,0.011344387,,0.676288333,0.841443425,15.62583004,0.970024463,0.028363934,0.974767521,0.001578064,,0.952587066,0.977290283,,,,,,,,,,,,,,,,,,,,,0.011007005,,0.003802756,,TRUE,,
shared_transformer_transcriptome_FC_random4_fold3_final_eval,0.976581393,0.816626051,2025-05-07T05:57:59.000Z,3308,2025-05-07T06:53:07.000Z,gh015.hpc.nyu.edu,-,finished,"binarize_False, cv_type_random, feature_type_transcriptome, final_eval, gene_list_0.2, hemisphere_both, impute_strategy_mirror_interpolate, model_shared_transformer, null_model_none, omit_subcortical_False, outerfold_3, parcellation_S400, sort_genes_refgenome, split_random4, target_FC",0.2,512,FALSE,128,"[256,128]",0.2,10,50,,14760,,0.00009,4,2,60,0.2,0.0001,0,11.15955321,0.697704806,0.081395879,0.796436709,0.013201696,,0.664619113,0.8497525,15.16383659,0.969907491,0.027633587,0.97409205,0.001482345,,0.953588846,0.977855386,,,,,,,,,,,,,,,,,,,,,0.01321396,,0.003144623,,TRUE,,
shared_transformer_transcriptome_FC_random7_fold3_final_eval,0.97915184,0.812529464,2025-05-07T06:23:00.000Z,3085,2025-05-07T07:14:25.000Z,gh015.hpc.nyu.edu,-,finished,"binarize_False, cv_type_random, feature_type_transcriptome, final_eval, gene_list_0.2, hemisphere_both, impute_strategy_mirror_interpolate, model_shared_transformer, null_model_none, omit_subcortical_False, outerfold_3, parcellation_S400, sort_genes_refgenome, split_random7, target_FC",0.2,512,FALSE,128,"[256,128]",0.2,10,50,,14760,,0.00009,4,2,60,0.2,0.0001,0,10.58638249,0.788089431,0.076294653,0.785505598,0.011373606,,0.650874034,0.822680338,13.17852227,0.97513959,0.027185181,0.977600505,0.001414172,,0.958377712,0.980988439,,,,,,,,,,,,,,,,,,,,,0.011357028,,0.003234196,,TRUE,,
shared_transformer_transcriptome_FC_random4_fold1_final_eval,0.980858949,0.811078005,2025-05-07T04:14:33.000Z,3226,2025-05-07T05:08:19.000Z,gh015.hpc.nyu.edu,-,finished,"binarize_False, cv_type_random, feature_type_transcriptome, final_eval, gene_list_0.2, hemisphere_both, impute_strategy_mirror_interpolate, model_shared_transformer, null_model_none, omit_subcortical_False, outerfold_1, parcellation_S400, sort_genes_refgenome, split_random4, target_FC",0.2,512,FALSE,128,"[256,128]",0.2,10,50,,14760,,0.00009,4,2,60,0.2,0.0001,0,10.73671652,0.717306839,0.082239531,0.804592489,0.01330051,,0.654520598,0.82970492,15.78894407,0.974078421,0.025740417,0.978718035,0.001276182,,0.959858038,0.983120552,,,,,,,,,,,,,,,,,,,,,0.013147101,,0.002831063,,TRUE,,
shared_transformer_transcriptome_FC_random9_fold2_final_eval,0.981726853,0.808893183,2025-05-07T05:09:55.000Z,3380,2025-05-07T06:06:15.000Z,gh015.hpc.nyu.edu,-,finished,"binarize_False, cv_type_random, feature_type_transcriptome, final_eval, gene_list_0.2, hemisphere_both, impute_strategy_mirror_interpolate, model_shared_transformer, null_model_none, omit_subcortical_False, outerfold_2, parcellation_S400, sort_genes_refgenome, split_random9, target_FC",0.2,512,FALSE,128,"[256,128]",0.2,10,50,,14760,,0.00009,4,2,60,0.2,0.0001,0,9.819818343,0.774108004,0.075928748,0.783089786,0.012006515,,0.653368526,0.827649829,15.56605445,0.977203259,0.024860723,0.980300889,0.001226413,,0.963215525,0.982971588,,,,,,,,,,,,,,,,,,,,,0.011965393,,0.003117033,,TRUE,,
shared_transformer_transcriptome_FC_random6_fold2_final_eval,0.980116266,0.808709279,2025-05-07T05:28:52.000Z,3355,2025-05-07T06:24:47.000Z,gh015.hpc.nyu.edu,-,finished,"binarize_False, cv_type_random, feature_type_transcriptome, final_eval, gene_list_0.2, hemisphere_both, impute_strategy_mirror_interpolate, model_shared_transformer, null_model_none, omit_subcortical_False, outerfold_2, parcellation_S400, sort_genes_refgenome, split_random6, target_FC",0.2,512,FALSE,128,"[256,128]",0.2,10,50,,14760,,0.00009,4,2,60,0.2,0.0001,0,11.33849798,0.625672264,0.076531507,0.794617104,0.01196316,,0.652439629,0.825640991,14.59972402,0.974135655,0.025836475,0.978349936,0.001329951,,0.95983974,0.982499515,,,,,,,,,,,,,,,,,,,,,0.011992633,,0.003074935,,TRUE,,
shared_transformer_transcriptome_FC_random5_fold3_final_eval,0.974406658,0.806806288,2025-05-07T06:22:55.000Z,3136,2025-05-07T07:15:11.000Z,gh015.hpc.nyu.edu,-,finished,"binarize_False, cv_type_random, feature_type_transcriptome, final_eval, gene_list_0.2, hemisphere_both, impute_strategy_mirror_interpolate, model_shared_transformer, null_model_none, omit_subcortical_False, outerfold_3, parcellation_S400, sort_genes_refgenome, split_random5, target_FC",0.2,512,FALSE,128,"[256,128]",0.2,10,50,,14760,,0.00009,4,2,60,0.2,0.0001,0,11.49376805,0.743590267,0.076921619,0.776076594,0.012183093,,0.629157952,0.809006563,16.9006695,0.97073819,0.030477414,0.972629829,0.00178907,,0.947287604,0.977719764,,,,,,,,,,,,,,,,,,,,,0.012138489,,0.003620793,,TRUE,,
shared_transformer_transcriptome_FC_random3_fold0_final_eval,0.981423627,0.805468235,2025-05-07T02:24:57.000Z,1463,2025-05-07T02:49:20.000Z,gh015.hpc.nyu.edu,-,finished,"binarize_False, cv_type_random, feature_type_transcriptome, final_eval, gene_list_0.2, hemisphere_both, impute_strategy_mirror_interpolate, model_shared_transformer, null_model_none, omit_subcortical_False, outerfold_0, parcellation_S400, sort_genes_refgenome, split_random3, target_FC",0,512,FALSE,128,"[256,128]",0.2,10,50,,14760,,0.00009,4,2,60,0.2,0.0001,0.014394733,11.7580218,0.698827486,0.084970556,0.784211682,0.013751671,,0.644678834,0.833201614,16.44735112,0.97733341,0.024717877,0.979198779,0.00118707,,0.962718263,0.98260665,,,,,,,,,,,,,,,,,,,,,0.013536337,,0.002756684,,FALSE,,
shared_transformer_transcriptome_FC_random7_fold2_final_eval,0.979653375,0.804364753,2025-05-07T05:26:44.000Z,3369,2025-05-07T06:22:53.000Z,gh015.hpc.nyu.edu,-,finished,"binarize_False, cv_type_random, feature_type_transcriptome, final_eval, gene_list_0.2, hemisphere_both, impute_strategy_mirror_interpolate, model_shared_transformer, null_model_none, omit_subcortical_False, outerfold_2, parcellation_S400, sort_genes_refgenome, split_random7, target_FC",0.2,512,FALSE,128,"[256,128]",0.2,10,50,,14760,,0.00009,4,2,60,0.2,0.0001,0,10.39579918,0.704066537,0.082177699,0.775110481,0.013145137,,0.640779569,0.84018334,14.7815585,0.974449977,0.026088746,0.97779819,0.001332608,,0.958628908,0.981875866,,,,,,,,,,,,,,,,,,,,,0.012961346,,0.003413892,,TRUE,,
shared_transformer_transcriptome_FC_random2_fold3_final_eval,0.978907077,0.804336266,2025-05-07T06:16:27.000Z,3228,2025-05-07T07:10:15.000Z,gh015.hpc.nyu.edu,-,finished,"binarize_False, cv_type_random, feature_type_transcriptome, final_eval, gene_list_0.2, hemisphere_both, impute_strategy_mirror_interpolate, model_shared_transformer, null_model_none, omit_subcortical_False, outerfold_3, parcellation_S400, sort_genes_refgenome, split_random2, target_FC",0.2,512,FALSE,128,"[256,128]",0.2,10,50,,14760,,0.00009,4,2,60,0.2,0.0001,0,10.90262242,0.616813058,0.080814235,0.785865686,0.013090955,,0.644974213,0.852177312,14.97456528,0.973960789,0.027351269,0.97633494,0.00143953,,0.956010677,0.980989231,,,,,,,,,,,,,,,,,,,,,0.013090795,,0.003391946,,TRUE,,
shared_transformer_transcriptome_FC_random3_fold1_final_eval,0.97425077,0.801786901,2025-05-07T04:15:42.000Z,3260,2025-05-07T05:10:02.000Z,gh015.hpc.nyu.edu,-,finished,"binarize_False, cv_type_random, feature_type_transcriptome, final_eval, gene_list_0.2, hemisphere_both, impute_strategy_mirror_interpolate, model_shared_transformer, null_model_none, omit_subcortical_False, outerfold_1, parcellation_S400, sort_genes_refgenome, split_random3, target_FC",0.2,512,FALSE,128,"[256,128]",0.2,10,50,,14760,,0.00009,4,2,60,0.2,0.0001,0,11.31780738,0.735108855,0.073320396,0.756011681,0.01188593,,0.64130812,0.821418635,15.10332726,0.970764063,0.029381856,0.972985105,0.001727951,,0.948508543,0.974488447,,,,,,,,,,,,,,,,,,,,,0.01206631,,0.003516524,,TRUE,,
shared_transformer_transcriptome_FC_random6_fold3_final_eval,0.97564969,0.801677203,2025-05-07T06:24:54.000Z,3096,2025-05-07T07:16:30.000Z,gh015.hpc.nyu.edu,-,finished,"binarize_False, cv_type_random, feature_type_transcriptome, final_eval, gene_list_0.2, hemisphere_both, impute_strategy_mirror_interpolate, model_shared_transformer, null_model_none, omit_subcortical_False, outerfold_3, parcellation_S400, sort_genes_refgenome, split_random6, target_FC",0.2,512,FALSE,128,"[256,128]",0.2,10,50,,14760,,0.00009,4,2,60,0.2,0.0001,0,10.54882701,0.728752708,0.074505225,0.78600009,0.011325086,,0.637391087,0.818097219,14.99937825,0.967693713,0.029194467,0.973263271,0.001660618,,0.951411432,0.977367053,,,,,,,,,,,,,,,,,,,,,0.011244728,,0.003243721,,TRUE,,
shared_transformer_transcriptome_FC_random1_fold0_final_eval,0.978361972,0.792805755,2025-05-07T03:27:38.000Z,3074,2025-05-07T04:18:52.000Z,gh015.hpc.nyu.edu,-,finished,"binarize_False, cv_type_random, feature_type_transcriptome, final_eval, gene_list_0.2, hemisphere_both, impute_strategy_mirror_interpolate, model_shared_transformer, null_model_none, omit_subcortical_False, outerfold_0, parcellation_S400, sort_genes_refgenome, split_random1, target_FC",0.2,512,FALSE,128,"[256,128]",0.2,10,50,,14760,,0.00009,4,2,60,0.2,0.0001,0,10.31110612,0.719302013,0.07345847,0.75247996,0.011303926,,0.618222259,0.83373782,14.26161926,0.973327557,0.028267909,0.976458836,0.001521759,,0.955955476,0.980300964,,,,,,,,,,,,,,,,,,,,,0.011173238,,0.003686775,,TRUE,,
shared_transformer_transcriptome_FC_random8_fold0_final_eval,0.984161138,0.792292274,2025-05-07T02:22:49.000Z,1489,2025-05-07T02:47:38.000Z,gh015.hpc.nyu.edu,-,finished,"binarize_False, cv_type_random, feature_type_transcriptome, final_eval, gene_list_0.2, hemisphere_both, impute_strategy_mirror_interpolate, model_shared_transformer, null_model_none, omit_subcortical_False, outerfold_0, parcellation_S400, sort_genes_refgenome, split_random8, target_FC",0,512,FALSE,128,"[256,128]",0.2,10,50,,14760,,0.00009,4,2,60,0.2,0.0001,0.015236023,10.03778098,0.681240063,0.076909102,0.765815977,0.012282101,,0.616857281,0.815153508,14.00422299,0.979994489,0.023869986,0.982363852,0.001083777,,0.968067864,0.985979707,,,,,,,,,,,,,,,,,,,,,0.011957314,,0.002705632,,FALSE,,
shared_transformer_transcriptome_FC_random5_fold0_final_eval,0.980473201,0.789894231,2025-05-07T03:34:41.000Z,3276,2025-05-07T04:29:17.000Z,gh015.hpc.nyu.edu,-,finished,"binarize_False, cv_type_random, feature_type_transcriptome, final_eval, gene_list_0.2, hemisphere_both, impute_strategy_mirror_interpolate, model_shared_transformer, null_model_none, omit_subcortical_False, outerfold_0, parcellation_S400, sort_genes_refgenome, split_random5, target_FC",0.2,512,FALSE,128,"[256,128]",0.2,10,50,,14760,,0.00009,4,2,60,0.2,0.0001,0,14.65717505,0.678012101,0.083121657,0.774671387,0.013789222,,0.622819255,0.829359045,16.07351636,0.975042983,0.025560113,0.978348959,0.001297654,,0.960629027,0.981360998,,,,,,,,,,,,,,,,,,,,,0.013648133,,0.003007827,,TRUE,,
shared_transformer_transcriptome_FC_random8_fold0_final_eval,0.976758261,0.789358996,2025-05-07T03:34:00.000Z,3260,2025-05-07T04:28:20.000Z,gh015.hpc.nyu.edu,-,finished,"binarize_False, cv_type_random, feature_type_transcriptome, final_eval, gene_list_0.2, hemisphere_both, impute_strategy_mirror_interpolate, model_shared_transformer, null_model_none, omit_subcortical_False, outerfold_0, parcellation_S400, sort_genes_refgenome, split_random8, target_FC",0.2,512,FALSE,128,"[256,128]",0.2,10,50,,14760,,0.00009,4,2,60,0.2,0.0001,0,10.78235918,0.695849717,0.078368135,0.758877836,0.012692397,,0.604057959,0.818124416,15.7718518,0.970894722,0.028625682,0.974430666,0.001619146,,0.95229388,0.978886093,,,,,,,,,,,,,,,,,,,,,0.012375256,,0.003486816,,TRUE,,
shared_transformer_transcriptome_FC_random42_fold0_final_eval,0.983654044,0.788851215,2025-05-07T02:25:16.000Z,1457,2025-05-07T02:49:33.000Z,gh015.hpc.nyu.edu,-,finished,"binarize_False, cv_type_random, feature_type_transcriptome, final_eval, gene_list_0.2, hemisphere_both, impute_strategy_mirror_interpolate, model_shared_transformer, null_model_none, omit_subcortical_False, outerfold_0, parcellation_S400, sort_genes_refgenome, split_random42, target_FC",0,512,FALSE,128,"[256,128]",0.2,10,50,,14760,,0.00009,4,2,60,0.2,0.0001,0.015137688,9.901372584,0.670021719,0.078001298,0.754809369,0.012639347,,0.613938379,0.828726527,13.67210761,0.978037287,0.0238251,0.982309307,0.001107494,,0.967307417,0.985938883,,,,,,,,,,,,,,,,,,,,,0.01246803,,0.002771869,,TRUE,,
shared_transformer_transcriptome_FC_random7_fold1_final_eval,0.979997819,0.782669535,2025-05-07T04:30:45.000Z,3352,2025-05-07T05:26:37.000Z,gh015.hpc.nyu.edu,-,finished,"binarize_False, cv_type_random, feature_type_transcriptome, final_eval, gene_list_0.2, hemisphere_both, impute_strategy_mirror_interpolate, model_shared_transformer, null_model_none, omit_subcortical_False, outerfold_1, parcellation_S400, sort_genes_refgenome, split_random7, target_FC",0.2,512,FALSE,128,"[256,128]",0.2,10,50,,14760,,0.00009,4,2,60,0.2,0.0001,0,10.71092219,0.70555631,0.076834366,0.74844488,0.012165162,,0.60732509,0.807843055,15.52980498,0.97408179,0.026324913,0.978524592,0.001389571,,0.959428111,0.981521485,,,,,,,,,,,,,,,,,,,,,0.012009949,,0.003403933,,TRUE,,
shared_transformer_transcriptome_FC_random1_fold0_final_eval,0.981153619,0.78113156,2025-05-07T02:24:04.000Z,1487,2025-05-07T02:48:51.000Z,gh015.hpc.nyu.edu,-,finished,"binarize_False, cv_type_random, feature_type_transcriptome, final_eval, gene_list_0.2, hemisphere_both, impute_strategy_mirror_interpolate, model_shared_transformer, null_model_none, omit_subcortical_False, outerfold_0, parcellation_S400, sort_genes_refgenome, split_random1, target_FC",0,512,FALSE,128,"[256,128]",0.2,10,50,,14760,,0.00009,4,2,60,0.2,0.0001,0.015081536,10.9543594,0.717714384,0.074567251,0.742366449,0.011715529,,0.604320851,0.816264353,13.99544073,0.97523958,0.025874518,0.980053995,0.001324375,,0.961668408,0.982519069,,,,,,,,,,,,,,,,,,,,,0.012294781,,0.003012988,,FALSE,,
shared_transformer_transcriptome_FC_random6_fold0_final_eval,0.98074037,0.781049626,2025-05-07T03:34:05.000Z,3455,2025-05-07T04:31:40.000Z,gh015.hpc.nyu.edu,-,finished,"binarize_False, cv_type_random, feature_type_transcriptome, final_eval, gene_list_0.2, hemisphere_both, impute_strategy_mirror_interpolate, model_shared_transformer, null_model_none, omit_subcortical_False, outerfold_0, parcellation_S400, sort_genes_refgenome, split_random6, target_FC",0.2,512,FALSE,128,"[256,128]",0.2,10,50,,14760,,0.00009,4,2,60,0.2,0.0001,0,10.33784543,0.66356161,0.082107343,0.753289867,0.013782271,,0.605727919,0.807918419,14.2062394,0.975466304,0.02522664,0.978952464,0.001258441,,0.961828437,0.983002781,,,,,,,,,,,,,,,,,,,,,0.013913724,,0.002875856,,TRUE,,
shared_transformer_transcriptome_FC_random1_fold3_final_eval,0.978465981,0.780378358,2025-05-07T06:14:02.000Z,3331,2025-05-07T07:09:33.000Z,gh015.hpc.nyu.edu,-,finished,"binarize_False, cv_type_random, feature_type_transcriptome, final_eval, gene_list_0.2, hemisphere_both, impute_strategy_mirror_interpolate, model_shared_transformer, null_model_none, omit_subcortical_False, outerfold_3, parcellation_S400, sort_genes_refgenome, split_random1, target_FC",0.2,512,FALSE,128,"[256,128]",0.2,10,50,,14760,,0.00009,4,2,60,0.2,0.0001,0,12.11343947,0.610972631,0.08316315,0.758684763,0.014498449,,0.603292597,0.80997837,13.76003844,0.972054256,0.027094139,0.976654427,0.001447606,,0.955906986,0.980597055,,,,,,,,,,,,,,,,,,,,,0.014480773,,0.003403029,,TRUE,,
shared_transformer_transcriptome_FC_random42_fold0_final_eval,0.977263389,0.780072924,2025-05-07T03:34:42.000Z,3368,2025-05-07T04:30:50.000Z,gh015.hpc.nyu.edu,-,finished,"binarize_False, cv_type_random, feature_type_transcriptome, final_eval, gene_list_0.2, hemisphere_both, impute_strategy_mirror_interpolate, model_shared_transformer, null_model_none, omit_subcortical_False, outerfold_0, parcellation_S400, sort_genes_refgenome, split_random42, target_FC",0.2,512,FALSE,128,"[256,128]",0.2,10,50,,14760,,0.00009,4,2,60,0.2,0.0001,0,9.792461545,0.664624684,0.079288676,0.750936628,0.013129154,,0.598977517,0.811026721,14.54249169,0.971896608,0.027899936,0.975149204,0.001540149,,0.954535705,0.979338974,,,,,,,,,,,,,,,,,,,,,0.012952935,,0.003965859,,TRUE,,
shared_transformer_transcriptome_FC_random9_fold0_final_eval,0.979582465,0.779837736,2025-05-07T03:24:25.000Z,2962,2025-05-07T04:13:47.000Z,gh015.hpc.nyu.edu,-,finished,"binarize_False, cv_type_random, feature_type_transcriptome, final_eval, gene_list_0.2, hemisphere_both, impute_strategy_mirror_interpolate, model_shared_transformer, null_model_none, omit_subcortical_False, outerfold_0, parcellation_S400, sort_genes_refgenome, split_random9, target_FC",0.2,512,FALSE,128,"[256,128]",0.2,10,50,,14760,,0.00009,4,2,60,0.2,0.0001,0,10.10925717,0.703510433,0.080611378,0.747080489,0.013608054,,0.603939666,0.813127252,14.47795056,0.973809397,0.02626144,0.977380871,0.001344415,,0.959355809,0.981157878,,,,,,,,,,,,,,,,,,,,,0.01326008,,0.003326112,,TRUE,,
shared_transformer_transcriptome_FC_random42_fold3_final_eval,0.981705862,0.778461742,2025-05-07T06:24:31.000Z,3115,2025-05-07T07:16:26.000Z,gh015.hpc.nyu.edu,-,finished,"binarize_False, cv_type_random, feature_type_transcriptome, final_eval, gene_list_0.2, hemisphere_both, impute_strategy_mirror_interpolate, model_shared_transformer, null_model_none, omit_subcortical_False, outerfold_3, parcellation_S400, sort_genes_refgenome, split_random42, target_FC",0.2,512,FALSE,128,"[256,128]",0.2,10,50,,14760,,0.00009,4,2,60,0.2,0.0001,0,10.88812497,0.585235373,0.080371097,0.742173841,0.013239591,,0.59688331,0.837682221,15.26377792,0.976615433,0.02495553,0.979817196,0.001243181,,0.96334889,0.983875504,,,,,,,,,,,,,,,,,,,,,0.013195251,,0.003098223,,TRUE,,
shared_transformer_transcriptome_FC_random4_fold0_final_eval,0.98047692,0.777864041,2025-05-07T03:24:25.000Z,2998,2025-05-07T04:14:23.000Z,gh015.hpc.nyu.edu,-,finished,"binarize_False, cv_type_random, feature_type_transcriptome, final_eval, gene_list_0.2, hemisphere_both, impute_strategy_mirror_interpolate, model_shared_transformer, null_model_none, omit_subcortical_False, outerfold_0, parcellation_S400, sort_genes_refgenome, split_random4, target_FC",0.2,512,FALSE,128,"[256,128]",0.2,10,50,,14760,,0.00009,4,2,60,0.2,0.0001,0,10.2720621,0.71450721,0.077747032,0.747828239,0.01269706,,0.582925663,0.777994661,14.20406228,0.977048812,0.026167685,0.979038696,0.001343798,,0.961193658,0.982208984,,,,,,,,,,,,,,,,,,,,,0.012983062,,0.003609412,,TRUE,,
shared_transformer_transcriptome_FC_random7_fold0_final_eval,0.982473332,0.777287286,2025-05-07T02:22:40.000Z,1509,2025-05-07T02:47:49.000Z,gh015.hpc.nyu.edu,-,finished,"binarize_False, cv_type_random, feature_type_transcriptome, final_eval, gene_list_0.2, hemisphere_both, impute_strategy_mirror_interpolate, model_shared_transformer, null_model_none, omit_subcortical_False, outerfold_0, parcellation_S400, sort_genes_refgenome, split_random7, target_FC",0,512,FALSE,128,"[256,128]",0.2,10,50,,14760,,0.00009,4,2,60,0.2,0.0001,0.014157181,11.51684779,0.677829831,0.076637805,0.75568023,0.013329581,,0.599098872,0.797469986,14.98313261,0.977183603,0.02453794,0.9813497,0.001204395,,0.964192436,0.983990626,,,,,,,,,,,,,,,,,,,,,0.013789565,,0.002732711,,TRUE,,
shared_transformer_transcriptome_FC_random5_fold1_final_eval,0.979807434,0.776369757,2025-05-07T04:29:23.000Z,3398,2025-05-07T05:26:01.000Z,gh015.hpc.nyu.edu,-,finished,"binarize_False, cv_type_random, feature_type_transcriptome, final_eval, gene_list_0.2, hemisphere_both, impute_strategy_mirror_interpolate, model_shared_transformer, null_model_none, omit_subcortical_False, outerfold_1, parcellation_S400, sort_genes_refgenome, split_random5, target_FC",0.2,512,FALSE,128,"[256,128]",0.2,10,50,,14760,,0.00009,4,2,60,0.2,0.0001,0,10.65021182,0.699250712,0.08153791,0.713371045,0.014685993,,0.594669021,0.828449857,14.38759878,0.974489362,0.025890427,0.979061009,0.001332997,,0.959326241,0.980878792,,,,,,,,,,,,,,,,,,,,,0.014511844,,0.00352491,,TRUE,,
shared_transformer_transcriptome_FC_random4_fold2_final_eval,0.977540563,0.776351667,2025-05-07T05:08:27.000Z,2963,2025-05-07T05:57:50.000Z,gh015.hpc.nyu.edu,-,finished,"binarize_False, cv_type_random, feature_type_transcriptome, final_eval, gene_list_0.2, hemisphere_both, impute_strategy_mirror_interpolate, model_shared_transformer, null_model_none, omit_subcortical_False, outerfold_2, parcellation_S400, sort_genes_refgenome, split_random4, target_FC",0.2,512,FALSE,128,"[256,128]",0.2,10,50,,14760,,0.00009,4,2,60,0.2,0.0001,0,10.69272017,0.719801261,0.072706178,0.725712047,0.010935765,,0.598264256,0.797354252,13.99641027,0.971138932,0.028671877,0.976315019,0.001607201,,0.955294419,0.979559945,,,,,,,,,,,,,,,,,,,,,0.010792664,,0.00446308,,TRUE,,
shared_transformer_transcriptome_FC_random6_fold1_final_eval,0.979533795,0.775959555,2025-05-07T04:31:47.000Z,3419,2025-05-07T05:28:46.000Z,gh015.hpc.nyu.edu,-,finished,"binarize_False, cv_type_random, feature_type_transcriptome, final_eval, gene_list_0.2, hemisphere_both, impute_strategy_mirror_interpolate, model_shared_transformer, null_model_none, omit_subcortical_False, outerfold_1, parcellation_S400, sort_genes_refgenome, split_random6, target_FC",0.2,512,FALSE,128,"[256,128]",0.2,10,50,,14760,,0.00009,4,2,60,0.2,0.0001,0,10.37626558,0.663913822,0.076845676,0.726281617,0.01352316,,0.578658783,0.824231873,15.06701705,0.974088943,0.026466442,0.978103785,0.001375439,,0.959220486,0.98101146,,,,,,,,,,,,,,,,,,,,,0.014356868,,0.003719374,,TRUE,,
shared_transformer_transcriptome_FC_random4_fold0_final_eval,0.981413019,0.775768569,2025-05-07T02:22:50.000Z,1495,2025-05-07T02:47:45.000Z,gh015.hpc.nyu.edu,-,finished,"binarize_False, cv_type_random, feature_type_transcriptome, final_eval, gene_list_0.2, hemisphere_both, impute_strategy_mirror_interpolate, model_shared_transformer, null_model_none, omit_subcortical_False, outerfold_0, parcellation_S400, sort_genes_refgenome, split_random4, target_FC",0,512,FALSE,128,"[256,128]",0.2,10,50,,14760,,0.00009,4,2,60,0.2,0.0001,0.016730497,10.25235601,0.684795836,0.078626476,0.746304596,0.012603103,,0.586011941,0.779972906,14.16231142,0.976945133,0.026062749,0.979894783,0.001288906,,0.962778845,0.983800643,,,,,,,,,,,,,,,,,,,,,0.012725612,,0.0028314,,TRUE,,
shared_transformer_transcriptome_FC_random7_fold0_final_eval,0.974419953,0.773428642,2025-05-07T03:34:36.000Z,3362,2025-05-07T04:30:38.000Z,gh015.hpc.nyu.edu,-,finished,"binarize_False, cv_type_random, feature_type_transcriptome, final_eval, gene_list_0.2, hemisphere_both, impute_strategy_mirror_interpolate, model_shared_transformer, null_model_none, omit_subcortical_False, outerfold_0, parcellation_S400, sort_genes_refgenome, split_random7, target_FC",0.2,512,FALSE,128,"[256,128]",0.2,10,50,,14760,,0.00009,4,2,60,0.2,0.0001,0,10.69329982,0.708160234,0.076588802,0.7628638,0.013711412,,0.587614897,0.772210232,14.21472626,0.965422965,0.029140763,0.972712752,0.001713361,,0.949060483,0.977010306,,,,,,,,,,,,,,,,,,,,,0.019749157,,0.003699385,,TRUE,,
shared_transformer_transcriptome_FC_random6_fold0_final_eval,0.976472598,0.772928262,2025-05-07T02:24:33.000Z,1478,2025-05-07T02:49:11.000Z,gh015.hpc.nyu.edu,-,finished,"binarize_False, cv_type_random, feature_type_transcriptome, final_eval, gene_list_0.2, hemisphere_both, impute_strategy_mirror_interpolate, model_shared_transformer, null_model_none, omit_subcortical_False, outerfold_0, parcellation_S400, sort_genes_refgenome, split_random6, target_FC",0,512,FALSE,128,"[256,128]",0.2,10,50,,14760,,0.00009,4,2,60,0.2,0.0001,0.014909283,10.82537404,0.655847713,0.082871966,0.742247161,0.0141416,,0.595448513,0.796733197,14.76648086,0.973210798,0.028275624,0.974520646,0.001575523,,0.952210574,0.977893686,,,,,,,,,,,,,,,,,,,,,0.014197098,,0.00307195,,TRUE,,
shared_transformer_transcriptome_FC_random9_fold0_final_eval,0.981723089,0.769742415,2025-05-07T02:24:18.000Z,1504,2025-05-07T02:49:22.000Z,gh015.hpc.nyu.edu,-,finished,"binarize_False, cv_type_random, feature_type_transcriptome, final_eval, gene_list_0.2, hemisphere_both, impute_strategy_mirror_interpolate, model_shared_transformer, null_model_none, omit_subcortical_False, outerfold_0, parcellation_S400, sort_genes_refgenome, split_random9, target_FC",0,512,FALSE,128,"[256,128]",0.2,10,50,,14760,,0.00009,4,2,60,0.2,0.0001,0.014762549,9.855915655,0.681374596,0.083312124,0.737598371,0.014329823,,0.582932697,0.806362675,13.9821077,0.975932952,0.02502073,0.979919252,0.001205846,,0.963545004,0.983636185,,,,,,,,,,,,,,,,,,,,,0.013961676,,0.002825434,,TRUE,,
shared_transformer_transcriptome_FC_random8_fold2_final_eval,0.976978328,0.768980604,2025-05-07T05:24:09.000Z,3281,2025-05-07T06:18:50.000Z,gh015.hpc.nyu.edu,-,finished,"binarize_False, cv_type_random, feature_type_transcriptome, final_eval, gene_list_0.2, hemisphere_both, impute_strategy_mirror_interpolate, model_shared_transformer, null_model_none, omit_subcortical_False, outerfold_2, parcellation_S400, sort_genes_refgenome, split_random8, target_FC",0.2,512,FALSE,128,"[256,128]",0.2,10,50,,14760,,0.00009,4,2,60,0.2,0.0001,0,10.19860525,0.708446661,0.084687948,0.710654857,0.014947865,,0.587170778,0.813522576,14.25834852,0.968019952,0.027644569,0.974730778,0.00148442,,0.954479536,0.979379776,,,,,,,,,,,,,,,,,,,,,0.014663835,,0.003196782,,TRUE,,
shared_transformer_transcriptome_FC_random42_fold2_final_eval,0.975733663,0.763467774,2025-05-07T05:26:44.000Z,3458,2025-05-07T06:24:22.000Z,gh015.hpc.nyu.edu,-,finished,"binarize_False, cv_type_random, feature_type_transcriptome, final_eval, gene_list_0.2, hemisphere_both, impute_strategy_mirror_interpolate, model_shared_transformer, null_model_none, omit_subcortical_False, outerfold_2, parcellation_S400, sort_genes_refgenome, split_random42, target_FC",0.2,512,FALSE,128,"[256,128]",0.2,10,50,,14760,,0.00009,4,2,60,0.2,0.0001,0,10.06936792,0.544565313,0.083807759,0.748050905,0.014724975,,0.566349349,0.807509851,15.42730234,0.971096672,0.028150827,0.974202376,0.001606319,,0.951502173,0.976562999,,,,,,,,,,,,,,,,,,,,,0.014465758,,0.003412499,,TRUE,,
shared_transformer_transcriptome_FC_random2_fold2_final_eval,0.971171184,0.7622838,2025-05-07T05:29:10.000Z,2829,2025-05-07T06:16:19.000Z,gh015.hpc.nyu.edu,-,finished,"binarize_False, cv_type_random, feature_type_transcriptome, final_eval, gene_list_0.2, hemisphere_both, impute_strategy_mirror_interpolate, model_shared_transformer, null_model_none, omit_subcortical_False, outerfold_2, parcellation_S400, sort_genes_refgenome, split_random2, target_FC",0.2,512,FALSE,128,"[256,128]",0.2,10,50,,14760,,0.00009,4,2,60,0.2,0.0001,0,11.71943481,0.751977339,0.076663934,0.739333241,0.012751911,,0.553782196,0.764626566,16.67682575,0.966448718,0.031914294,0.969498002,0.002018968,,0.942428359,0.971460349,,,,,,,,,,,,,,,,,,,,,0.016815569,,0.007165996,,TRUE,,
shared_transformer_transcriptome_FC_random5_fold2_final_eval,0.978326796,0.761266414,2025-05-07T05:26:10.000Z,3398,2025-05-07T06:22:48.000Z,gh015.hpc.nyu.edu,-,finished,"binarize_False, cv_type_random, feature_type_transcriptome, final_eval, gene_list_0.2, hemisphere_both, impute_strategy_mirror_interpolate, model_shared_transformer, null_model_none, omit_subcortical_False, outerfold_2, parcellation_S400, sort_genes_refgenome, split_random5, target_FC",0.2,512,FALSE,128,"[256,128]",0.2,10,50,,14760,,0.00009,4,2,60,0.2,0.0001,0,11.77807516,0.607153871,0.077435747,0.712117453,0.012883463,,0.565896475,0.827372765,14.20845025,0.969480162,0.028820602,0.976426652,0.001562572,,0.954854185,0.980553422,,,,,,,,,,,,,,,,,,,,,0.012877381,,0.003128263,,TRUE,,
shared_transformer_transcriptome_FC_random3_fold2_final_eval,0.980785369,0.757583962,2025-05-07T05:10:09.000Z,3381,2025-05-07T06:06:30.000Z,gh015.hpc.nyu.edu,-,finished,"binarize_False, cv_type_random, feature_type_transcriptome, final_eval, gene_list_0.2, hemisphere_both, impute_strategy_mirror_interpolate, model_shared_transformer, null_model_none, omit_subcortical_False, outerfold_2, parcellation_S400, sort_genes_refgenome, split_random3, target_FC",0.2,512,FALSE,128,"[256,128]",0.2,10,50,,14760,,0.00009,4,2,60,0.2,0.0001,0,10.25934263,0.585255013,0.076850593,0.733194935,0.013290083,,0.55446573,0.797646796,14.54723531,0.972458063,0.026220789,0.979442011,0.00135102,,0.960940726,0.983203255,,,,,,,,,,,,,,,,,,,,,0.012984349,,0.003542622,,TRUE,,
shared_transformer_transcriptome_FC_random2_fold0_final_eval,0.979307955,0.756576713,2025-05-07T02:23:21.000Z,1514,2025-05-07T02:48:35.000Z,gh015.hpc.nyu.edu,-,finished,"binarize_False, cv_type_random, feature_type_transcriptome, final_eval, gene_list_0.2, hemisphere_both, impute_strategy_mirror_interpolate, model_shared_transformer, null_model_none, omit_subcortical_False, outerfold_0, parcellation_S400, sort_genes_refgenome, split_random2, target_FC",0,512,FALSE,128,"[256,128]",0.2,10,50,,14760,,0.00009,4,2,60,0.2,0.0001,0.014183921,13.79862645,0.60455507,0.08020062,0.73445812,0.013817029,,0.555173439,0.792856769,15.28414082,0.975997621,0.027626131,0.977550501,0.001477967,,0.95667859,0.980540441,,,,,,,,,,,,,,,,,,,,,0.013719977,,0.00292686,,TRUE,,
shared_transformer_transcriptome_FC_random8_fold3_final_eval,0.978676171,0.755974793,2025-05-07T06:18:58.000Z,3187,2025-05-07T07:12:05.000Z,gh015.hpc.nyu.edu,-,finished,"binarize_False, cv_type_random, feature_type_transcriptome, final_eval, gene_list_0.2, hemisphere_both, impute_strategy_mirror_interpolate, model_shared_transformer, null_model_none, omit_subcortical_False, outerfold_3, parcellation_S400, sort_genes_refgenome, split_random8, target_FC",0.2,512,FALSE,128,"[256,128]",0.2,10,50,,14760,,0.00009,4,2,60,0.2,0.0001,0,11.03454497,0.616255307,0.080625512,0.722920137,0.013168397,,0.562178054,0.771486055,14.48250302,0.974784764,0.027062183,0.977176079,0.001464854,,0.957627561,0.980294522,,,,,,,,,,,,,,,,,,,,,0.013172041,,0.00328743,,TRUE,,
shared_transformer_transcriptome_FC_random2_fold0_final_eval,0.97517308,0.749526459,2025-05-07T03:35:09.000Z,3458,2025-05-07T04:32:47.000Z,gh015.hpc.nyu.edu,-,finished,"binarize_False, cv_type_random, feature_type_transcriptome, final_eval, gene_list_0.2, hemisphere_both, impute_strategy_mirror_interpolate, model_shared_transformer, null_model_none, omit_subcortical_False, outerfold_0, parcellation_S400, sort_genes_refgenome, split_random2, target_FC",0.2,512,FALSE,128,"[256,128]",0.2,10,50,,14760,,0.00009,4,2,60,0.2,0.0001,0,11.65298823,0.581620924,0.082394071,0.721538223,0.014193134,,0.543065042,0.797439475,15.66126173,0.9675217,0.030817432,0.973305771,0.00177776,,0.947891217,0.977650547,,,,,,,,,,,,,,,,,,,,,0.014091067,,0.004185791,,TRUE,,
shared_transformer_transcriptome_FC_random3_fold3_final_eval,0.978914309,0.747704314,2025-05-07T06:06:36.000Z,3280,2025-05-07T07:01:16.000Z,gh015.hpc.nyu.edu,-,finished,"binarize_False, cv_type_random, feature_type_transcriptome, final_eval, gene_list_0.2, hemisphere_both, impute_strategy_mirror_interpolate, model_shared_transformer, null_model_none, omit_subcortical_False, outerfold_3, parcellation_S400, sort_genes_refgenome, split_random3, target_FC",0.2,512,FALSE,128,"[256,128]",0.2,10,50,,14760,,0.00009,4,2,60,0.2,0.0001,0,10.4981441,0.692017399,0.086140938,0.712389791,0.014778774,,0.531592503,0.784407876,15.88396147,0.971562594,0.027177397,0.977078048,0.00145184,,0.957379623,0.981195919,,,,,,,,,,,,,,,,,,,,,0.014678204,,0.003425223,,TRUE,,
shared_transformer_transcriptome_FC_random1_fold1_final_eval,0.978479252,0.740762077,2025-05-07T04:18:58.000Z,3439,2025-05-07T05:16:17.000Z,gh015.hpc.nyu.edu,-,finished,"binarize_False, cv_type_random, feature_type_transcriptome, final_eval, gene_list_0.2, hemisphere_both, impute_strategy_mirror_interpolate, model_shared_transformer, null_model_none, omit_subcortical_False, outerfold_1, parcellation_S400, sort_genes_refgenome, split_random1, target_FC",0.2,512,FALSE,128,"[256,128]",0.2,10,50,,14760,,0.00009,4,2,60,0.2,0.0001,0,10.79888206,0.640583115,0.08001399,0.728203862,0.013987421,,0.532736855,0.749764943,14.76802976,0.97052802,0.027824942,0.975689186,0.001505836,,0.956613618,0.981296822,,,,,,,,,,,,,,,,,,,,,0.014036097,,0.00367616,,TRUE,,
shared_transformer_transcriptome_FC_random9_fold1_final_eval,0.975379773,0.737244242,2025-05-07T04:13:53.000Z,3353,2025-05-07T05:09:46.000Z,gh015.hpc.nyu.edu,-,finished,"binarize_False, cv_type_random, feature_type_transcriptome, final_eval, gene_list_0.2, hemisphere_both, impute_strategy_mirror_interpolate, model_shared_transformer, null_model_none, omit_subcortical_False, outerfold_1, parcellation_S400, sort_genes_refgenome, split_random9, target_FC",0.2,512,FALSE,128,"[256,128]",0.2,10,50,,14760,,0.00009,4,2,60,0.2,0.0001,0,10.62737311,0.608545253,0.080946051,0.709888546,0.013765795,,0.52984771,0.780745816,14.68382976,0.973597764,0.02969522,0.972480783,0.001754593,,0.949719429,0.975721855,,,,,,,,,,,,,,,,,,,,,0.013382693,,0.0032673,,TRUE,,
shared_transformer_transcriptome_FC_random5_fold0_final_eval,0.98047,0.78989,2025-05-07T02:22:41.000Z,932,2025-05-07T02:38:13.000Z,gh015.hpc.nyu.edu,-,failed,"binarize_False, cv_type_random, feature_type_transcriptome, final_eval, gene_list_0.2, hemisphere_both, impute_strategy_mirror_interpolate, model_shared_transformer, null_model_none, omit_subcortical_False, outerfold_0, parcellation_S400, sort_genes_refgenome, split_random5, target_FC",0,512,FALSE,128,"[256,128]",0.2,10,50,,14760,,0.00009,4,2,60,0.2,0.0001,,14.65717505,0.678012101,0.083121657,0.774671387,0.013789222,,0.622819255,0.829359045,16.07351636,0.975042983,0.025560113,0.978348959,0.001297654,,0.960629027,0.981360998,,,,,,,,,,,,,,,,,,,,,,,,,FALSE,,