label,network_label,label_7network,index_17network,label_17network,network_label_17network,atlas_name,id,hemisphere,structure,mni_x,mni_y,mni_z
LH_Vis_1,Vis,7Networks_LH_Vis_1,61,17Networks_LH_DorsAttnA_TempOcc_2,DorsAttnA,4S456,1,L,cortex,-32.18,-41.4,-21.06
LH_Vis_2,Vis,7Networks_LH_Vis_2,193,17Networks_LH_DefaultC_PHC_2,DefaultC,4S456,2,L,cortex,-30.06,-32.55,-18.05
LH_Vis_3,Vis,7Networks_LH_Vis_3,1,17Networks_LH_VisCent_ExStr_1,VisCent,4S456,3,L,cortex,-35.37,-62.03,-17.06
LH_Vis_4,Vis,7Networks_LH_Vis_4,13,17Networks_LH_VisPeri_ExStrInf_1,VisPeri,4S456,4,L,cortex,-24.52,-54.45,-8.25
LH_Vis_5,Vis,7Networks_LH_Vis_5,2,17Networks_LH_VisCent_ExStr_2,VisCent,4S456,5,L,cortex,-23.35,-72.7,-10.3
LH_Vis_6,Vis,7Networks_LH_Vis_6,3,17Networks_LH_VisCent_ExStr_3,VisCent,4S456,6,L,cortex,-36.41,-81.39,-15.97
LH_Vis_7,Vis,7Networks_LH_Vis_7,194,17Networks_LH_DefaultC_PHC_3,DefaultC,4S456,7,L,cortex,-18.63,-37.46,-11.79
LH_Vis_8,Vis,7Networks_LH_Vis_8,63,17Networks_LH_DorsAttnA_TempOcc_4,DorsAttnA,4S456,8,L,cortex,-45.18,-70.07,-8.29
LH_Vis_9,Vis,7Networks_LH_Vis_9,4,17Networks_LH_VisCent_ExStr_4,VisCent,4S456,9,L,cortex,-16.95,-86.39,-14.99
LH_Vis_10,Vis,7Networks_LH_Vis_10,14,17Networks_LH_VisPeri_ExStrInf_2,VisPeri,4S456,10,L,cortex,-12.17,-61.19,-4.73
LH_Vis_11,Vis,7Networks_LH_Vis_11,15,17Networks_LH_VisPeri_ExStrInf_3,VisPeri,4S456,11,L,cortex,-6.77,-75.73,-5.71
LH_Vis_12,Vis,7Networks_LH_Vis_12,5,17Networks_LH_VisCent_ExStr_5,VisCent,4S456,12,L,cortex,-24.41,-96.75,-11.92
LH_Vis_13,Vis,7Networks_LH_Vis_13,16,17Networks_LH_VisPeri_ExStrInf_4,VisPeri,4S456,13,L,cortex,-13.44,-43.02,-5.46
LH_Vis_14,Vis,7Networks_LH_Vis_14,6,17Networks_LH_VisCent_ExStr_6,VisCent,4S456,14,L,cortex,-41.55,-86.43,-3.26
LH_Vis_15,Vis,7Networks_LH_Vis_15,7,17Networks_LH_VisCent_Striate_1,VisCent,4S456,15,L,cortex,-7.69,-97.45,-7.25
LH_Vis_16,Vis,7Networks_LH_Vis_16,17,17Networks_LH_VisPeri_ExStrInf_5,VisPeri,4S456,16,L,cortex,-14.1,-56.86,1.34
LH_Vis_17,Vis,7Networks_LH_Vis_17,8,17Networks_LH_VisCent_ExStr_7,VisCent,4S456,17,L,cortex,-46.15,-73.07,6.14
LH_Vis_18,Vis,7Networks_LH_Vis_18,18,17Networks_LH_VisPeri_StriCal_1,VisPeri,4S456,18,L,cortex,-6.02,-88.33,1.69
LH_Vis_19,Vis,7Networks_LH_Vis_19,9,17Networks_LH_VisCent_ExStr_8,VisCent,4S456,19,L,cortex,-24.43,-95.87,5.93
LH_Vis_20,Vis,7Networks_LH_Vis_20,189,17Networks_LH_DefaultC_Rsp_1,DefaultC,4S456,20,L,cortex,-13.56,-48.97,4
LH_Vis_21,Vis,7Networks_LH_Vis_21,19,17Networks_LH_VisPeri_StriCal_2,VisPeri,4S456,21,L,cortex,-8.26,-74.23,9.15
LH_Vis_22,Vis,7Networks_LH_Vis_22,20,17Networks_LH_VisPeri_ExStrSup_1,VisPeri,4S456,22,L,cortex,-18.99,-64.36,7.02
LH_Vis_23,Vis,7Networks_LH_Vis_23,10,17Networks_LH_VisCent_ExStr_9,VisCent,4S456,23,L,cortex,-39.39,-83.76,14.13
LH_Vis_24,Vis,7Networks_LH_Vis_24,11,17Networks_LH_VisCent_ExStr_10,VisCent,4S456,24,L,cortex,-11.33,-96.57,17.36
LH_Vis_25,Vis,7Networks_LH_Vis_25,21,17Networks_LH_VisPeri_ExStrSup_2,VisPeri,4S456,25,L,cortex,-4.12,-84.55,25.39
LH_Vis_26,Vis,7Networks_LH_Vis_26,22,17Networks_LH_VisPeri_ExStrSup_3,VisPeri,4S456,26,L,cortex,-12.33,-71.04,20.45
LH_Vis_27,Vis,7Networks_LH_Vis_27,12,17Networks_LH_VisCent_ExStr_11,VisCent,4S456,27,L,cortex,-24.94,-84.64,21.86
LH_Vis_28,Vis,7Networks_LH_Vis_28,65,17Networks_LH_DorsAttnA_ParOcc_2,DorsAttnA,4S456,28,L,cortex,-31.94,-84.1,26.78
LH_Vis_29,Vis,7Networks_LH_Vis_29,23,17Networks_LH_VisPeri_ExStrSup_4,VisPeri,4S456,29,L,cortex,-16.01,-88.98,33.58
LH_Vis_30,Vis,7Networks_LH_Vis_30,24,17Networks_LH_VisPeri_ExStrSup_5,VisPeri,4S456,30,L,cortex,-12.07,-80.83,36.02
LH_Vis_31,Vis,7Networks_LH_Vis_31,67,17Networks_LH_DorsAttnA_SPL_2,DorsAttnA,4S456,31,L,cortex,-21.24,-78.59,44.69
LH_SomMot_1,SomMot,7Networks_LH_SomMot_1,44,17Networks_LH_SomMotB_Aud_1,SomMotB,4S456,32,L,cortex,-49.83,-9.75,0.45
LH_SomMot_2,SomMot,7Networks_LH_SomMot_2,45,17Networks_LH_SomMotB_Aud_2,SomMotB,4S456,33,L,cortex,-55.94,-21.36,7.7
LH_SomMot_3,SomMot,7Networks_LH_SomMot_3,46,17Networks_LH_SomMotB_Ins_1,SomMotB,4S456,34,L,cortex,-36.09,-24.07,9.87
LH_SomMot_4,SomMot,7Networks_LH_SomMot_4,47,17Networks_LH_SomMotB_S2_1,SomMotB,4S456,35,L,cortex,-38.31,-9.14,12.77
LH_SomMot_5,SomMot,7Networks_LH_SomMot_5,48,17Networks_LH_SomMotB_S2_2,SomMotB,4S456,36,L,cortex,-35.66,-26.29,18.93
LH_SomMot_6,SomMot,7Networks_LH_SomMot_6,49,17Networks_LH_SomMotB_Aud_3,SomMotB,4S456,37,L,cortex,-58.59,-37,15.67
LH_SomMot_7,SomMot,7Networks_LH_SomMot_7,50,17Networks_LH_SomMotB_Aud_4,SomMotB,4S456,38,L,cortex,-41.14,-34.95,14.27
LH_SomMot_8,SomMot,7Networks_LH_SomMot_8,51,17Networks_LH_SomMotB_S2_3,SomMotB,4S456,39,L,cortex,-48.64,-12.89,14.18
LH_SomMot_9,SomMot,7Networks_LH_SomMot_9,52,17Networks_LH_SomMotB_S2_4,SomMotB,4S456,40,L,cortex,-59.52,-2.29,11.25
LH_SomMot_10,SomMot,7Networks_LH_SomMot_10,53,17Networks_LH_SomMotB_S2_5,SomMotB,4S456,41,L,cortex,-48.12,-24.15,17.83
LH_SomMot_11,SomMot,7Networks_LH_SomMot_11,54,17Networks_LH_SomMotB_S2_6,SomMotB,4S456,42,L,cortex,-60.92,-17.49,19.46
LH_SomMot_12,SomMot,7Networks_LH_SomMot_12,55,17Networks_LH_SomMotB_Cent_1,SomMotB,4S456,43,L,cortex,-59.24,-2.23,23.75
LH_SomMot_13,SomMot,7Networks_LH_SomMot_13,56,17Networks_LH_SomMotB_Cent_2,SomMotB,4S456,44,L,cortex,-62.43,-10.28,31.23
LH_SomMot_14,SomMot,7Networks_LH_SomMot_14,57,17Networks_LH_SomMotB_Cent_3,SomMotB,4S456,45,L,cortex,-53.22,-8.97,30
LH_SomMot_15,SomMot,7Networks_LH_SomMot_15,74,17Networks_LH_DorsAttnB_PostC_2,DorsAttnB,4S456,46,L,cortex,-54.74,-19.93,40.55
LH_SomMot_16,SomMot,7Networks_LH_SomMot_16,58,17Networks_LH_SomMotB_Cent_4,SomMotB,4S456,47,L,cortex,-50.8,-6.88,43.18
LH_SomMot_17,SomMot,7Networks_LH_SomMot_17,59,17Networks_LH_SomMotB_Cent_5,SomMotB,4S456,48,L,cortex,-47.92,-16.29,40.15
LH_SomMot_18,SomMot,7Networks_LH_SomMot_18,25,17Networks_LH_SomMotA_1,SomMotA,4S456,49,L,cortex,-8.08,-15.43,46.81
LH_SomMot_19,SomMot,7Networks_LH_SomMot_19,26,17Networks_LH_SomMotA_2,SomMotA,4S456,50,L,cortex,-40.98,-14.35,47.98
LH_SomMot_20,SomMot,7Networks_LH_SomMot_20,27,17Networks_LH_SomMotA_3,SomMotA,4S456,51,L,cortex,-48.77,-17.35,54.25
LH_SomMot_21,SomMot,7Networks_LH_SomMot_21,28,17Networks_LH_SomMotA_4,SomMotA,4S456,52,L,cortex,-47.34,-29.58,58.2
LH_SomMot_22,SomMot,7Networks_LH_SomMot_22,29,17Networks_LH_SomMotA_5,SomMotA,4S456,53,L,cortex,-39.18,-24.78,52.88
LH_SomMot_23,SomMot,7Networks_LH_SomMot_23,30,17Networks_LH_SomMotA_6,SomMotA,4S456,54,L,cortex,-8.59,-37.54,53.54
LH_SomMot_24,SomMot,7Networks_LH_SomMot_24,31,17Networks_LH_SomMotA_7,SomMotA,4S456,55,L,cortex,-4.89,-24.99,56.16
LH_SomMot_25,SomMot,7Networks_LH_SomMot_25,32,17Networks_LH_SomMotA_8,SomMotA,4S456,56,L,cortex,-4.78,-8.96,59.28
LH_SomMot_26,SomMot,7Networks_LH_SomMot_26,33,17Networks_LH_SomMotA_9,SomMotA,4S456,57,L,cortex,-34.52,-18.28,63.64
LH_SomMot_27,SomMot,7Networks_LH_SomMot_27,78,17Networks_LH_DorsAttnB_PostC_6,DorsAttnB,4S456,58,L,cortex,-30.11,-46.25,62.71
LH_SomMot_28,SomMot,7Networks_LH_SomMot_28,34,17Networks_LH_SomMotA_10,SomMotA,4S456,59,L,cortex,-31.94,-29,62.14
LH_SomMot_29,SomMot,7Networks_LH_SomMot_29,35,17Networks_LH_SomMotA_11,SomMotA,4S456,60,L,cortex,-29.82,-38.25,64.85
LH_SomMot_30,SomMot,7Networks_LH_SomMot_30,36,17Networks_LH_SomMotA_12,SomMotA,4S456,61,L,cortex,-23.52,-10.7,64.89
LH_SomMot_31,SomMot,7Networks_LH_SomMot_31,37,17Networks_LH_SomMotA_13,SomMotA,4S456,62,L,cortex,-19.27,-24.25,66.47
LH_SomMot_32,SomMot,7Networks_LH_SomMot_32,38,17Networks_LH_SomMotA_14,SomMotA,4S456,63,L,cortex,-8.46,-41.68,70.2
LH_SomMot_33,SomMot,7Networks_LH_SomMot_33,39,17Networks_LH_SomMotA_15,SomMotA,4S456,64,L,cortex,-4.74,-25.15,69.28
LH_SomMot_34,SomMot,7Networks_LH_SomMot_34,40,17Networks_LH_SomMotA_16,SomMotA,4S456,65,L,cortex,-14.22,-11.23,72.22
LH_SomMot_35,SomMot,7Networks_LH_SomMot_35,41,17Networks_LH_SomMotA_17,SomMotA,4S456,66,L,cortex,-18.46,-30.99,68.7
LH_SomMot_36,SomMot,7Networks_LH_SomMot_36,42,17Networks_LH_SomMotA_18,SomMotA,4S456,67,L,cortex,-19.01,-39.98,71.76
LH_SomMot_37,SomMot,7Networks_LH_SomMot_37,43,17Networks_LH_SomMotA_19,SomMotA,4S456,68,L,cortex,-11.86,-26.77,73.27
LH_DorsAttn_Post_1,DorsAttn,7Networks_LH_DorsAttn_Post_1,60,17Networks_LH_DorsAttnA_TempOcc_1,DorsAttnA,4S456,69,L,cortex,-44.97,-42.3,-21.3
LH_DorsAttn_Post_2,DorsAttn,7Networks_LH_DorsAttn_Post_2,62,17Networks_LH_DorsAttnA_TempOcc_3,DorsAttnA,4S456,70,L,cortex,-48.7,-55.7,-15.5
LH_DorsAttn_Post_3,DorsAttn,7Networks_LH_DorsAttn_Post_3,121,17Networks_LH_ContA_Temp_1,ContA,4S456,71,L,cortex,-55.1,-61.68,-0.68
LH_DorsAttn_Post_4,DorsAttn,7Networks_LH_DorsAttn_Post_4,64,17Networks_LH_DorsAttnA_ParOcc_1,DorsAttnA,4S456,72,L,cortex,-47.87,-65.34,14.93
LH_DorsAttn_Post_5,DorsAttn,7Networks_LH_DorsAttn_Post_5,66,17Networks_LH_DorsAttnA_SPL_1,DorsAttnA,4S456,73,L,cortex,-26.38,-70.13,30.41
LH_DorsAttn_Post_6,DorsAttn,7Networks_LH_DorsAttn_Post_6,75,17Networks_LH_DorsAttnB_PostC_3,DorsAttnB,4S456,74,L,cortex,-54.87,-31.21,44.28
LH_DorsAttn_Post_7,DorsAttn,7Networks_LH_DorsAttn_Post_7,68,17Networks_LH_DorsAttnA_SPL_3,DorsAttnA,4S456,75,L,cortex,-22.72,-65.51,46.42
LH_DorsAttn_Post_8,DorsAttn,7Networks_LH_DorsAttn_Post_8,76,17Networks_LH_DorsAttnB_PostC_4,DorsAttnB,4S456,76,L,cortex,-46.24,-29.1,43.79
LH_DorsAttn_Post_9,DorsAttn,7Networks_LH_DorsAttn_Post_9,126,17Networks_LH_ContA_IPS_5,ContA,4S456,77,L,cortex,-33.11,-46.49,40.87
LH_DorsAttn_Post_10,DorsAttn,7Networks_LH_DorsAttn_Post_10,69,17Networks_LH_DorsAttnA_SPL_4,DorsAttnA,4S456,78,L,cortex,-28.68,-57.94,50.46
LH_DorsAttn_Post_11,DorsAttn,7Networks_LH_DorsAttn_Post_11,77,17Networks_LH_DorsAttnB_PostC_5,DorsAttnB,4S456,79,L,cortex,-38.99,-37.55,49.76
LH_DorsAttn_Post_12,DorsAttn,7Networks_LH_DorsAttn_Post_12,70,17Networks_LH_DorsAttnA_SPL_5,DorsAttnA,4S456,80,L,cortex,-35.89,-51.85,56.07
LH_DorsAttn_Post_13,DorsAttn,7Networks_LH_DorsAttn_Post_13,71,17Networks_LH_DorsAttnA_SPL_6,DorsAttnA,4S456,81,L,cortex,-14.92,-71.13,57.04
LH_DorsAttn_Post_14,DorsAttn,7Networks_LH_DorsAttn_Post_14,72,17Networks_LH_DorsAttnA_SPL_7,DorsAttnA,4S456,82,L,cortex,-28.21,-61.19,62.33
LH_DorsAttn_Post_15,DorsAttn,7Networks_LH_DorsAttn_Post_15,79,17Networks_LH_DorsAttnB_PostC_7,DorsAttnB,4S456,83,L,cortex,-7.8,-58.62,63.32
LH_DorsAttn_Post_16,DorsAttn,7Networks_LH_DorsAttn_Post_16,80,17Networks_LH_DorsAttnB_PostC_8,DorsAttnB,4S456,84,L,cortex,-19.71,-56.48,66.28
LH_DorsAttn_Post_17,DorsAttn,7Networks_LH_DorsAttn_Post_17,81,17Networks_LH_DorsAttnB_PostC_9,DorsAttnB,4S456,85,L,cortex,-12.94,-50.59,71.58
LH_DorsAttn_FEF_1,DorsAttn,7Networks_LH_DorsAttn_FEF_1,82,17Networks_LH_DorsAttnB_FEF_1,DorsAttnB,4S456,86,L,cortex,-40.33,-2.34,51.27
LH_DorsAttn_FEF_2,DorsAttn,7Networks_LH_DorsAttn_FEF_2,83,17Networks_LH_DorsAttnB_FEF_2,DorsAttnB,4S456,87,L,cortex,-25.72,-0.47,55.16
LH_DorsAttn_FEF_3,DorsAttn,7Networks_LH_DorsAttn_FEF_3,84,17Networks_LH_DorsAttnB_FEF_3,DorsAttnB,4S456,88,L,cortex,-29.99,-8.01,51.67
LH_DorsAttn_FEF_4,DorsAttn,7Networks_LH_DorsAttn_FEF_4,127,17Networks_LH_ContA_PFCd_1,ContA,4S456,89,L,cortex,-21.23,5.12,64.03
LH_DorsAttn_PrCv_1,DorsAttn,7Networks_LH_DorsAttn_PrCv_1,130,17Networks_LH_ContA_PFCl_1,ContA,4S456,90,L,cortex,-49.45,6.04,25.62
LH_DorsAttn_PrCv_2,DorsAttn,7Networks_LH_DorsAttn_PrCv_2,85,17Networks_LH_DorsAttnB_PrCv_1,DorsAttnB,4S456,91,L,cortex,-49.91,2.65,37.94
LH_SalVentAttn_ParOper_1,SalVentAttn,7Networks_LH_SalVentAttn_ParOper_1,86,17Networks_LH_SalVentAttnA_ParOper_1,SalVentAttnA,4S456,92,L,cortex,-54.64,-31.97,22.22
LH_SalVentAttn_ParOper_2,SalVentAttn,7Networks_LH_SalVentAttn_ParOper_2,87,17Networks_LH_SalVentAttnA_ParOper_2,SalVentAttnA,4S456,93,L,cortex,-57.99,-44.17,27.33
LH_SalVentAttn_ParOper_3,SalVentAttn,7Networks_LH_SalVentAttn_ParOper_3,73,17Networks_LH_DorsAttnB_PostC_1,DorsAttnB,4S456,94,L,cortex,-61.36,-23.27,32.79
LH_SalVentAttn_ParOper_4,SalVentAttn,7Networks_LH_SalVentAttn_ParOper_4,88,17Networks_LH_SalVentAttnA_ParOper_3,SalVentAttnA,4S456,95,L,cortex,-61.16,-36.08,33.32
LH_SalVentAttn_TempOcc_1,SalVentAttn,7Networks_LH_SalVentAttn_TempOcc_1,199,17Networks_LH_TempPar_5,TempPar,4S456,96,L,cortex,-56.61,-53.71,9.99
LH_SalVentAttn_FrOperIns_1,SalVentAttn,7Networks_LH_SalVentAttn_FrOperIns_1,120,17Networks_LH_LimbicA_TempPole_7,LimbicA,4S456,97,L,cortex,-44.18,5.3,-16.22
LH_SalVentAttn_FrOperIns_2,SalVentAttn,7Networks_LH_SalVentAttn_FrOperIns_2,89,17Networks_LH_SalVentAttnA_Ins_1,SalVentAttnA,4S456,98,L,cortex,-38.74,1.93,-4.62
LH_SalVentAttn_FrOperIns_3,SalVentAttn,7Networks_LH_SalVentAttn_FrOperIns_3,105,17Networks_LH_SalVentAttnB_Ins_2,SalVentAttnB,4S456,99,L,cortex,-32.91,24.57,-0.84
LH_SalVentAttn_FrOperIns_4,SalVentAttn,7Networks_LH_SalVentAttn_FrOperIns_4,90,17Networks_LH_SalVentAttnA_Ins_2,SalVentAttnA,4S456,100,L,cortex,-39.82,-14.36,-1.8
LH_SalVentAttn_FrOperIns_5,SalVentAttn,7Networks_LH_SalVentAttn_FrOperIns_5,91,17Networks_LH_SalVentAttnA_Ins_3,SalVentAttnA,4S456,101,L,cortex,-32.99,19.16,8.16
LH_SalVentAttn_FrOperIns_6,SalVentAttn,7Networks_LH_SalVentAttn_FrOperIns_6,92,17Networks_LH_SalVentAttnA_Ins_4,SalVentAttnA,4S456,102,L,cortex,-36.48,4.39,10.69
LH_SalVentAttn_FrOperIns_7,SalVentAttn,7Networks_LH_SalVentAttn_FrOperIns_7,106,17Networks_LH_SalVentAttnB_Ins_3,SalVentAttnB,4S456,103,L,cortex,-43.35,11.93,2.29
LH_SalVentAttn_FrOperIns_8,SalVentAttn,7Networks_LH_SalVentAttn_FrOperIns_8,93,17Networks_LH_SalVentAttnA_FrOper_1,SalVentAttnA,4S456,104,L,cortex,-50.48,1.5,4.36
LH_SalVentAttn_FrOperIns_9,SalVentAttn,7Networks_LH_SalVentAttn_FrOperIns_9,94,17Networks_LH_SalVentAttnA_FrOper_2,SalVentAttnA,4S456,105,L,cortex,-52.07,8.65,13.39
LH_SalVentAttn_PFCl_1,SalVentAttn,7Networks_LH_SalVentAttn_PFCl_1,102,17Networks_LH_SalVentAttnB_PFCl_2,SalVentAttnB,4S456,106,L,cortex,-28.94,43.3,29.55
LH_SalVentAttn_Med_1,SalVentAttn,7Networks_LH_SalVentAttn_Med_1,108,17Networks_LH_SalVentAttnB_PFCmp_1,SalVentAttnB,4S456,107,L,cortex,-6.62,22.01,31.21
LH_SalVentAttn_Med_2,SalVentAttn,7Networks_LH_SalVentAttn_Med_2,98,17Networks_LH_SalVentAttnA_FrMed_1,SalVentAttnA,4S456,108,L,cortex,-6.97,0.65,40.7
LH_SalVentAttn_Med_3,SalVentAttn,7Networks_LH_SalVentAttn_Med_3,95,17Networks_LH_SalVentAttnA_ParMed_1,SalVentAttnA,4S456,109,L,cortex,-11.03,-27.45,41.12
LH_SalVentAttn_Med_4,SalVentAttn,7Networks_LH_SalVentAttn_Med_4,99,17Networks_LH_SalVentAttnA_FrMed_2,SalVentAttnA,4S456,110,L,cortex,-5.88,9.25,48.09
LH_SalVentAttn_Med_5,SalVentAttn,7Networks_LH_SalVentAttn_Med_5,96,17Networks_LH_SalVentAttnA_ParMed_2,SalVentAttnA,4S456,111,L,cortex,-12.57,-41.45,47.31
LH_SalVentAttn_Med_6,SalVentAttn,7Networks_LH_SalVentAttn_Med_6,97,17Networks_LH_SalVentAttnA_ParMed_3,SalVentAttnA,4S456,112,L,cortex,-6.56,-49.17,57.34
LH_SalVentAttn_Med_7,SalVentAttn,7Networks_LH_SalVentAttn_Med_7,100,17Networks_LH_SalVentAttnA_FrMed_3,SalVentAttnA,4S456,113,L,cortex,-8.61,-2.69,70.95
LH_Limbic_OFC_1,Limbic,7Networks_LH_Limbic_OFC_1,109,17Networks_LH_LimbicB_OFC_1,LimbicB,4S456,114,L,cortex,-12.34,24.48,-20.45
LH_Limbic_OFC_2,Limbic,7Networks_LH_Limbic_OFC_2,110,17Networks_LH_LimbicB_OFC_2,LimbicB,4S456,115,L,cortex,-23.56,22.42,-19.7
LH_Limbic_OFC_3,Limbic,7Networks_LH_Limbic_OFC_3,111,17Networks_LH_LimbicB_OFC_3,LimbicB,4S456,116,L,cortex,-11.26,47.29,-21.33
LH_Limbic_OFC_4,Limbic,7Networks_LH_Limbic_OFC_4,112,17Networks_LH_LimbicB_OFC_4,LimbicB,4S456,117,L,cortex,-4.56,22.95,-18.99
LH_Limbic_OFC_5,Limbic,7Networks_LH_Limbic_OFC_5,113,17Networks_LH_LimbicB_OFC_5,LimbicB,4S456,118,L,cortex,-15.44,64.35,-8.47
LH_Limbic_TempPole_1,Limbic,7Networks_LH_Limbic_TempPole_1,114,17Networks_LH_LimbicA_TempPole_1,LimbicA,4S456,119,L,cortex,-37.45,-5.46,-42.33
LH_Limbic_TempPole_2,Limbic,7Networks_LH_Limbic_TempPole_2,115,17Networks_LH_LimbicA_TempPole_2,LimbicA,4S456,120,L,cortex,-25.13,5.81,-38.29
LH_Limbic_TempPole_3,Limbic,7Networks_LH_Limbic_TempPole_3,116,17Networks_LH_LimbicA_TempPole_3,LimbicA,4S456,121,L,cortex,-25.65,-8.95,-32.6
LH_Limbic_TempPole_4,Limbic,7Networks_LH_Limbic_TempPole_4,117,17Networks_LH_LimbicA_TempPole_4,LimbicA,4S456,122,L,cortex,-53.85,-21.38,-31.43
LH_Limbic_TempPole_5,Limbic,7Networks_LH_Limbic_TempPole_5,118,17Networks_LH_LimbicA_TempPole_5,LimbicA,4S456,123,L,cortex,-40.1,-21.85,-26.58
LH_Limbic_TempPole_6,Limbic,7Networks_LH_Limbic_TempPole_6,167,17Networks_LH_DefaultB_Temp_1,DefaultB,4S456,124,L,cortex,-43.29,12.93,-33.33
LH_Limbic_TempPole_7,Limbic,7Networks_LH_Limbic_TempPole_7,119,17Networks_LH_LimbicA_TempPole_6,LimbicA,4S456,125,L,cortex,-31.47,11.49,-29.42
LH_Limbic_TempPole_8,Limbic,7Networks_LH_Limbic_TempPole_8,192,17Networks_LH_DefaultC_PHC_1,DefaultC,4S456,126,L,cortex,-20.82,-20.81,-25.7
LH_Cont_Par_1,Cont,7Networks_LH_Cont_Par_1,122,17Networks_LH_ContA_IPS_1,ContA,4S456,127,L,cortex,-28.81,-74.19,42.3
LH_Cont_Par_2,Cont,7Networks_LH_Cont_Par_2,123,17Networks_LH_ContA_IPS_2,ContA,4S456,128,L,cortex,-58.32,-41.6,45.56
LH_Cont_Par_3,Cont,7Networks_LH_Cont_Par_3,137,17Networks_LH_ContB_IPL_2,ContB,4S456,129,L,cortex,-53.22,-49.62,44.82
LH_Cont_Par_4,Cont,7Networks_LH_Cont_Par_4,124,17Networks_LH_ContA_IPS_3,ContA,4S456,130,L,cortex,-34.42,-62.1,47.88
LH_Cont_Par_5,Cont,7Networks_LH_Cont_Par_5,138,17Networks_LH_ContB_IPL_3,ContB,4S456,131,L,cortex,-42.03,-52.23,48.64
LH_Cont_Par_6,Cont,7Networks_LH_Cont_Par_6,125,17Networks_LH_ContA_IPS_4,ContA,4S456,132,L,cortex,-44.99,-41.34,46.74
LH_Cont_Temp_1,Cont,7Networks_LH_Cont_Temp_1,135,17Networks_LH_ContB_Temp_2,ContB,4S456,133,L,cortex,-60.47,-48.86,-9.76
LH_Cont_OFC_1,Cont,7Networks_LH_Cont_OFC_1,107,17Networks_LH_SalVentAttnB_OFC_1,SalVentAttnB,4S456,134,L,cortex,-27.03,49.29,-13.73
LH_Cont_PFCl_1,Cont,7Networks_LH_Cont_PFCl_1,140,17Networks_LH_ContB_PFClv_1,ContB,4S456,135,L,cortex,-41.89,49.14,-6.51
LH_Cont_PFCl_2,Cont,7Networks_LH_Cont_PFCl_2,128,17Networks_LH_ContA_PFClv_1,ContA,4S456,136,L,cortex,-47.87,35.06,10.47
LH_Cont_PFCl_3,Cont,7Networks_LH_Cont_PFCl_3,101,17Networks_LH_SalVentAttnB_PFCl_1,SalVentAttnB,4S456,137,L,cortex,-38.2,49.07,11.01
LH_Cont_PFCl_4,Cont,7Networks_LH_Cont_PFCl_4,142,17Networks_LH_ContB_PFClv_3,ContB,4S456,138,L,cortex,-27.59,56.81,12.96
LH_Cont_PFCl_5,Cont,7Networks_LH_Cont_PFCl_5,129,17Networks_LH_ContA_PFClv_2,ContA,4S456,139,L,cortex,-41.61,37.66,21.89
LH_Cont_PFCl_6,Cont,7Networks_LH_Cont_PFCl_6,131,17Networks_LH_ContA_PFCl_2,ContA,4S456,140,L,cortex,-44.37,20.21,27.24
LH_Cont_PFCl_7,Cont,7Networks_LH_Cont_PFCl_7,132,17Networks_LH_ContA_PFCl_3,ContA,4S456,141,L,cortex,-39.17,7.4,33.46
LH_Cont_PFCl_8,Cont,7Networks_LH_Cont_PFCl_8,103,17Networks_LH_SalVentAttnB_PFCl_3,SalVentAttnB,4S456,142,L,cortex,-35.91,31.97,38.54
LH_Cont_PFCv_1,Cont,7Networks_LH_Cont_PFCv_1,104,17Networks_LH_SalVentAttnB_Ins_1,SalVentAttnB,4S456,143,L,cortex,-33.39,16.47,-8.34
LH_Cont_pCun_1,Cont,7Networks_LH_Cont_pCun_1,145,17Networks_LH_ContC_pCun_2,ContC,4S456,144,L,cortex,-9.21,-77.12,45.33
LH_Cont_pCun_2,Cont,7Networks_LH_Cont_pCun_2,146,17Networks_LH_ContC_pCun_3,ContC,4S456,145,L,cortex,-5.73,-64.09,52.03
LH_Cont_Cing_1,Cont,7Networks_LH_Cont_Cing_1,133,17Networks_LH_ContA_Cingm_1,ContA,4S456,146,L,cortex,-4.2,5.96,28.45
LH_Cont_Cing_2,Cont,7Networks_LH_Cont_Cing_2,148,17Networks_LH_ContC_Cingp_2,ContC,4S456,147,L,cortex,-4.7,-21.85,28.72
LH_Cont_PFCmp_1,Cont,7Networks_LH_Cont_PFCmp_1,143,17Networks_LH_ContB_PFCmp_1,ContB,4S456,148,L,cortex,-4.57,27.86,47.29
LH_Default_Temp_1,Default,7Networks_LH_Default_Temp_1,168,17Networks_LH_DefaultB_Temp_2,DefaultB,4S456,149,L,cortex,-53.97,-1.64,-29.34
LH_Default_Temp_2,Default,7Networks_LH_Default_Temp_2,169,17Networks_LH_DefaultB_Temp_3,DefaultB,4S456,150,L,cortex,-61.54,-17.59,-20.47
LH_Default_Temp_3,Default,7Networks_LH_Default_Temp_3,134,17Networks_LH_ContB_Temp_1,ContB,4S456,151,L,cortex,-60.18,-36.38,-18.14
LH_Default_Temp_4,Default,7Networks_LH_Default_Temp_4,170,17Networks_LH_DefaultB_Temp_4,DefaultB,4S456,152,L,cortex,-57.01,-8.91,-13.87
LH_Default_Temp_5,Default,7Networks_LH_Default_Temp_5,195,17Networks_LH_TempPar_1,TempPar,4S456,153,L,cortex,-52.76,6.19,-11.55
LH_Default_Temp_6,Default,7Networks_LH_Default_Temp_6,171,17Networks_LH_DefaultB_Temp_5,DefaultB,4S456,154,L,cortex,-60.62,-34.71,-3.17
LH_Default_Temp_7,Default,7Networks_LH_Default_Temp_7,172,17Networks_LH_DefaultB_Temp_6,DefaultB,4S456,155,L,cortex,-52.41,-22.54,-5.23
LH_Default_Temp_8,Default,7Networks_LH_Default_Temp_8,196,17Networks_LH_TempPar_2,TempPar,4S456,156,L,cortex,-60.52,-12.57,-2.71
LH_Default_Temp_9,Default,7Networks_LH_Default_Temp_9,197,17Networks_LH_TempPar_3,TempPar,4S456,157,L,cortex,-61.71,-31.91,4.96
LH_Default_Temp_10,Default,7Networks_LH_Default_Temp_10,198,17Networks_LH_TempPar_4,TempPar,4S456,158,L,cortex,-52.3,-42.95,4.98
LH_Default_Par_1,Default,7Networks_LH_Default_Par_1,200,17Networks_LH_TempPar_6,TempPar,4S456,159,L,cortex,-58.54,-48.95,16.21
LH_Default_Par_2,Default,7Networks_LH_Default_Par_2,173,17Networks_LH_DefaultB_IPL_1,DefaultB,4S456,160,L,cortex,-45.75,-58.97,21.06
LH_Default_Par_3,Default,7Networks_LH_Default_Par_3,188,17Networks_LH_DefaultC_IPL_1,DefaultC,4S456,161,L,cortex,-40.2,-78.67,30.33
LH_Default_Par_4,Default,7Networks_LH_Default_Par_4,149,17Networks_LH_DefaultA_IPL_1,DefaultA,4S456,162,L,cortex,-47.35,-63.56,31.31
LH_Default_Par_5,Default,7Networks_LH_Default_Par_5,174,17Networks_LH_DefaultB_IPL_2,DefaultB,4S456,163,L,cortex,-56.55,-54.56,29.67
LH_Default_Par_6,Default,7Networks_LH_Default_Par_6,150,17Networks_LH_DefaultA_IPL_2,DefaultA,4S456,164,L,cortex,-41.41,-71.99,43.3
LH_Default_Par_7,Default,7Networks_LH_Default_Par_7,136,17Networks_LH_ContB_IPL_1,ContB,4S456,165,L,cortex,-48.94,-59.53,46.94
LH_Default_PFC_1,Default,7Networks_LH_Default_PFC_1,183,17Networks_LH_DefaultB_PFCv_1,DefaultB,4S456,166,L,cortex,-35.64,22.31,-15.49
LH_Default_PFC_2,Default,7Networks_LH_Default_PFC_2,184,17Networks_LH_DefaultB_PFCv_2,DefaultB,4S456,167,L,cortex,-35.9,36.86,-12.96
LH_Default_PFC_3,Default,7Networks_LH_Default_PFC_3,161,17Networks_LH_DefaultA_PFCm_1,DefaultA,4S456,168,L,cortex,-5.03,55.31,-9.84
LH_Default_PFC_4,Default,7Networks_LH_Default_PFC_4,162,17Networks_LH_DefaultA_PFCm_2,DefaultA,4S456,169,L,cortex,-6.35,35.13,-8.82
LH_Default_PFC_5,Default,7Networks_LH_Default_PFC_5,185,17Networks_LH_DefaultB_PFCv_3,DefaultB,4S456,170,L,cortex,-46.18,31.55,-10.26
LH_Default_PFC_6,Default,7Networks_LH_Default_PFC_6,141,17Networks_LH_ContB_PFClv_2,ContB,4S456,171,L,cortex,-27.99,58.36,-0.73
LH_Default_PFC_7,Default,7Networks_LH_Default_PFC_7,186,17Networks_LH_DefaultB_PFCv_4,DefaultB,4S456,172,L,cortex,-47.7,28.17,0.49
LH_Default_PFC_8,Default,7Networks_LH_Default_PFC_8,163,17Networks_LH_DefaultA_PFCm_3,DefaultA,4S456,173,L,cortex,-6.78,59.27,6.21
LH_Default_PFC_9,Default,7Networks_LH_Default_PFC_9,164,17Networks_LH_DefaultA_PFCm_4,DefaultA,4S456,174,L,cortex,-6.8,44.86,6.09
LH_Default_PFC_10,Default,7Networks_LH_Default_PFC_10,187,17Networks_LH_DefaultB_PFCv_5,DefaultB,4S456,175,L,cortex,-52.95,19.24,11.45
LH_Default_PFC_11,Default,7Networks_LH_Default_PFC_11,165,17Networks_LH_DefaultA_PFCm_5,DefaultA,4S456,176,L,cortex,-16.05,67.03,8.35
LH_Default_PFC_12,Default,7Networks_LH_Default_PFC_12,166,17Networks_LH_DefaultA_PFCm_6,DefaultA,4S456,177,L,cortex,-6.15,34.01,20.95
LH_Default_PFC_13,Default,7Networks_LH_Default_PFC_13,175,17Networks_LH_DefaultB_PFCd_1,DefaultB,4S456,178,L,cortex,-4.95,51.93,27.47
LH_Default_PFC_14,Default,7Networks_LH_Default_PFC_14,176,17Networks_LH_DefaultB_PFCd_2,DefaultB,4S456,179,L,cortex,-13.78,57.47,30.9
LH_Default_PFC_15,Default,7Networks_LH_Default_PFC_15,177,17Networks_LH_DefaultB_PFCd_3,DefaultB,4S456,180,L,cortex,-21.87,50.24,31.3
LH_Default_PFC_16,Default,7Networks_LH_Default_PFC_16,151,17Networks_LH_DefaultA_PFCd_1,DefaultA,4S456,181,L,cortex,-24.78,28.26,43.48
LH_Default_PFC_17,Default,7Networks_LH_Default_PFC_17,181,17Networks_LH_DefaultB_PFCl_1,DefaultB,4S456,182,L,cortex,-41.2,19,47.83
LH_Default_PFC_18,Default,7Networks_LH_Default_PFC_18,178,17Networks_LH_DefaultB_PFCd_4,DefaultB,4S456,183,L,cortex,-8.23,42.83,51.24
LH_Default_PFC_19,Default,7Networks_LH_Default_PFC_19,152,17Networks_LH_DefaultA_PFCd_2,DefaultA,4S456,184,L,cortex,-18.42,35.86,48.13
LH_Default_PFC_20,Default,7Networks_LH_Default_PFC_20,182,17Networks_LH_DefaultB_PFCl_2,DefaultB,4S456,185,L,cortex,-41.62,7.11,48.59
LH_Default_PFC_21,Default,7Networks_LH_Default_PFC_21,139,17Networks_LH_ContB_PFCd_1,ContB,4S456,186,L,cortex,-29.94,13.61,57.18
LH_Default_PFC_22,Default,7Networks_LH_Default_PFC_22,153,17Networks_LH_DefaultA_PFCd_3,DefaultA,4S456,187,L,cortex,-22.37,19.45,51.8
LH_Default_PFC_23,Default,7Networks_LH_Default_PFC_23,179,17Networks_LH_DefaultB_PFCd_5,DefaultB,4S456,188,L,cortex,-12.58,24.17,61.11
LH_Default_PFC_24,Default,7Networks_LH_Default_PFC_24,180,17Networks_LH_DefaultB_PFCd_6,DefaultB,4S456,189,L,cortex,-7.22,10.58,64.76
LH_Default_pCunPCC_1,Default,7Networks_LH_Default_pCunPCC_1,190,17Networks_LH_DefaultC_Rsp_2,DefaultC,4S456,190,L,cortex,-7.98,-51.9,9.23
LH_Default_pCunPCC_2,Default,7Networks_LH_Default_pCunPCC_2,191,17Networks_LH_DefaultC_Rsp_3,DefaultC,4S456,191,L,cortex,-13.06,-60.63,18.58
LH_Default_pCunPCC_3,Default,7Networks_LH_Default_pCunPCC_3,154,17Networks_LH_DefaultA_pCunPCC_1,DefaultA,4S456,192,L,cortex,-4.81,-53.11,20.1
LH_Default_pCunPCC_4,Default,7Networks_LH_Default_pCunPCC_4,147,17Networks_LH_ContC_Cingp_1,ContC,4S456,193,L,cortex,-5.69,-40.56,23.26
LH_Default_pCunPCC_5,Default,7Networks_LH_Default_pCunPCC_5,144,17Networks_LH_ContC_pCun_1,ContC,4S456,194,L,cortex,-10.66,-69.53,31.52
LH_Default_pCunPCC_6,Default,7Networks_LH_Default_pCunPCC_6,155,17Networks_LH_DefaultA_pCunPCC_2,DefaultA,4S456,195,L,cortex,-6.31,-59.54,30.27
LH_Default_pCunPCC_7,Default,7Networks_LH_Default_pCunPCC_7,156,17Networks_LH_DefaultA_pCunPCC_3,DefaultA,4S456,196,L,cortex,-8.25,-44.46,32.21
LH_Default_pCunPCC_8,Default,7Networks_LH_Default_pCunPCC_8,157,17Networks_LH_DefaultA_pCunPCC_4,DefaultA,4S456,197,L,cortex,-4.61,-33.88,37.68
LH_Default_pCunPCC_9,Default,7Networks_LH_Default_pCunPCC_9,158,17Networks_LH_DefaultA_pCunPCC_5,DefaultA,4S456,198,L,cortex,-3.58,-16.03,36.95
LH_Default_pCunPCC_10,Default,7Networks_LH_Default_pCunPCC_10,159,17Networks_LH_DefaultA_pCunPCC_6,DefaultA,4S456,199,L,cortex,-4.06,-67.89,41.48
LH_Default_pCunPCC_11,Default,7Networks_LH_Default_pCunPCC_11,160,17Networks_LH_DefaultA_pCunPCC_7,DefaultA,4S456,200,L,cortex,-7.12,-50.92,42.75
RH_Vis_1,Vis,7Networks_RH_Vis_1,259,17Networks_RH_DorsAttnA_TempOcc_1,DorsAttnA,4S456,201,R,cortex,33.53,-36.5,-22.89
RH_Vis_2,Vis,7Networks_RH_Vis_2,390,17Networks_RH_DefaultC_PHC_2,DefaultC,4S456,202,R,cortex,30.6,-30.65,-17.76
RH_Vis_3,Vis,7Networks_RH_Vis_3,201,17Networks_RH_VisCent_ExStr_1,VisCent,4S456,203,R,cortex,35.35,-53.67,-17.27
RH_Vis_4,Vis,7Networks_RH_Vis_4,202,17Networks_RH_VisCent_ExStr_2,VisCent,4S456,204,R,cortex,37.09,-73.33,-15.43
RH_Vis_5,Vis,7Networks_RH_Vis_5,213,17Networks_RH_VisPeri_ExStrInf_1,VisPeri,4S456,205,R,cortex,26.12,-51.9,-8.86
RH_Vis_6,Vis,7Networks_RH_Vis_6,203,17Networks_RH_VisCent_ExStr_3,VisCent,4S456,206,R,cortex,23.11,-73.61,-10.66
RH_Vis_7,Vis,7Networks_RH_Vis_7,214,17Networks_RH_VisPeri_ExStrInf_2,VisPeri,4S456,207,R,cortex,18.16,-35.9,-12.47
RH_Vis_8,Vis,7Networks_RH_Vis_8,204,17Networks_RH_VisCent_ExStr_4,VisCent,4S456,208,R,cortex,19.39,-88.01,-12.45
RH_Vis_9,Vis,7Networks_RH_Vis_9,261,17Networks_RH_DorsAttnA_TempOcc_3,DorsAttnA,4S456,209,R,cortex,50.14,-64.5,-9.26
RH_Vis_10,Vis,7Networks_RH_Vis_10,205,17Networks_RH_VisCent_ExStr_5,VisCent,4S456,210,R,cortex,42.27,-83.62,-12.23
RH_Vis_11,Vis,7Networks_RH_Vis_11,215,17Networks_RH_VisPeri_ExStrInf_3,VisPeri,4S456,211,R,cortex,9.23,-72.16,-4.82
RH_Vis_12,Vis,7Networks_RH_Vis_12,216,17Networks_RH_VisPeri_ExStrInf_4,VisPeri,4S456,212,R,cortex,12.87,-57.41,-3.39
RH_Vis_13,Vis,7Networks_RH_Vis_13,206,17Networks_RH_VisCent_ExStr_6,VisCent,4S456,213,R,cortex,25.27,-96.57,-9.92
RH_Vis_14,Vis,7Networks_RH_Vis_14,217,17Networks_RH_VisPeri_ExStrInf_5,VisPeri,4S456,214,R,cortex,17.87,-44.7,-2.65
RH_Vis_15,Vis,7Networks_RH_Vis_15,207,17Networks_RH_VisCent_Striate_1,VisCent,4S456,215,R,cortex,8.4,-92.13,-1.63
RH_Vis_16,Vis,7Networks_RH_Vis_16,262,17Networks_RH_DorsAttnA_ParOcc_1,DorsAttnA,4S456,216,R,cortex,48.62,-65.7,4.28
RH_Vis_17,Vis,7Networks_RH_Vis_17,387,17Networks_RH_DefaultC_Rsp_1,DefaultC,4S456,217,R,cortex,14.52,-46.92,4.19
RH_Vis_18,Vis,7Networks_RH_Vis_18,208,17Networks_RH_VisCent_ExStr_7,VisCent,4S456,218,R,cortex,35.4,-88.69,2.14
RH_Vis_19,Vis,7Networks_RH_Vis_19,218,17Networks_RH_VisPeri_StriCal_1,VisPeri,4S456,219,R,cortex,8.98,-73.37,8.23
RH_Vis_20,Vis,7Networks_RH_Vis_20,219,17Networks_RH_VisPeri_StriCal_2,VisPeri,4S456,220,R,cortex,21.84,-59.62,5.83
RH_Vis_21,Vis,7Networks_RH_Vis_21,209,17Networks_RH_VisCent_ExStr_8,VisCent,4S456,221,R,cortex,23.56,-98.81,7.36
RH_Vis_22,Vis,7Networks_RH_Vis_22,210,17Networks_RH_VisCent_ExStr_9,VisCent,4S456,222,R,cortex,43.78,-78.76,10.42
RH_Vis_23,Vis,7Networks_RH_Vis_23,211,17Networks_RH_VisCent_ExStr_10,VisCent,4S456,223,R,cortex,12.68,-94.06,18.81
RH_Vis_24,Vis,7Networks_RH_Vis_24,220,17Networks_RH_VisPeri_ExStrSup_1,VisPeri,4S456,224,R,cortex,15.75,-66.02,18.77
RH_Vis_25,Vis,7Networks_RH_Vis_25,221,17Networks_RH_VisPeri_ExStrSup_2,VisPeri,4S456,225,R,cortex,5.04,-80.05,23.28
RH_Vis_26,Vis,7Networks_RH_Vis_26,212,17Networks_RH_VisCent_ExStr_11,VisCent,4S456,226,R,cortex,27.13,-87.08,20.75
RH_Vis_27,Vis,7Networks_RH_Vis_27,264,17Networks_RH_DorsAttnA_ParOcc_3,DorsAttnA,4S456,227,R,cortex,35.63,-79.27,24.16
RH_Vis_28,Vis,7Networks_RH_Vis_28,222,17Networks_RH_VisPeri_ExStrSup_3,VisPeri,4S456,228,R,cortex,14.3,-77.35,33.72
RH_Vis_29,Vis,7Networks_RH_Vis_29,223,17Networks_RH_VisPeri_ExStrSup_4,VisPeri,4S456,229,R,cortex,16.19,-86.78,36.6
RH_Vis_30,Vis,7Networks_RH_Vis_30,265,17Networks_RH_DorsAttnA_SPL_1,DorsAttnA,4S456,230,R,cortex,28.9,-77.75,36.73
RH_SomMot_1,SomMot,7Networks_RH_SomMot_1,244,17Networks_RH_SomMotB_Aud_1,SomMotB,4S456,231,R,cortex,53.06,2.57,-5.58
RH_SomMot_2,SomMot,7Networks_RH_SomMot_2,394,17Networks_RH_TempPar_4,TempPar,4S456,232,R,cortex,61.87,-18.58,-0.43
RH_SomMot_3,SomMot,7Networks_RH_SomMot_3,245,17Networks_RH_SomMotB_Aud_2,SomMotB,4S456,233,R,cortex,53.51,-13.71,5.69
RH_SomMot_4,SomMot,7Networks_RH_SomMot_4,246,17Networks_RH_SomMotB_Ins_1,SomMotB,4S456,234,R,cortex,39.82,-18.41,4.79
RH_SomMot_5,SomMot,7Networks_RH_SomMot_5,247,17Networks_RH_SomMotB_S2_1,SomMotB,4S456,235,R,cortex,37.9,-7.95,13.85
RH_SomMot_6,SomMot,7Networks_RH_SomMot_6,248,17Networks_RH_SomMotB_S2_2,SomMotB,4S456,236,R,cortex,34.77,-21.52,14.29
RH_SomMot_7,SomMot,7Networks_RH_SomMot_7,249,17Networks_RH_SomMotB_Aud_3,SomMotB,4S456,237,R,cortex,60.14,-23.69,10.77
RH_SomMot_8,SomMot,7Networks_RH_SomMot_8,398,17Networks_RH_TempPar_8,TempPar,4S456,238,R,cortex,64.39,-34.37,10.54
RH_SomMot_9,SomMot,7Networks_RH_SomMot_9,250,17Networks_RH_SomMotB_S2_3,SomMotB,4S456,239,R,cortex,40.91,-13.05,18.18
RH_SomMot_10,SomMot,7Networks_RH_SomMot_10,251,17Networks_RH_SomMotB_S2_4,SomMotB,4S456,240,R,cortex,41.48,-28.85,17.96
RH_SomMot_11,SomMot,7Networks_RH_SomMot_11,252,17Networks_RH_SomMotB_S2_5,SomMotB,4S456,241,R,cortex,49.5,-10.1,12.95
RH_SomMot_12,SomMot,7Networks_RH_SomMot_12,253,17Networks_RH_SomMotB_S2_6,SomMotB,4S456,242,R,cortex,59.25,0.76,10.4
RH_SomMot_13,SomMot,7Networks_RH_SomMot_13,254,17Networks_RH_SomMotB_S2_7,SomMotB,4S456,243,R,cortex,48.97,-21.3,18.5
RH_SomMot_14,SomMot,7Networks_RH_SomMot_14,255,17Networks_RH_SomMotB_S2_8,SomMotB,4S456,244,R,cortex,61.85,-11.5,15.3
RH_SomMot_15,SomMot,7Networks_RH_SomMot_15,256,17Networks_RH_SomMotB_Cent_1,SomMotB,4S456,245,R,cortex,60.76,6.48,29.4
RH_SomMot_16,SomMot,7Networks_RH_SomMot_16,257,17Networks_RH_SomMotB_Cent_2,SomMotB,4S456,246,R,cortex,59.18,-5.35,27.13
RH_SomMot_17,SomMot,7Networks_RH_SomMot_17,274,17Networks_RH_DorsAttnB_PostC_1,DorsAttnB,4S456,247,R,cortex,61.22,-14.21,30.25
RH_SomMot_18,SomMot,7Networks_RH_SomMot_18,258,17Networks_RH_SomMotB_Cent_3,SomMotB,4S456,248,R,cortex,51.57,-6.32,37.14
RH_SomMot_19,SomMot,7Networks_RH_SomMot_19,224,17Networks_RH_SomMotA_1,SomMotA,4S456,249,R,cortex,54.57,-16.83,40.19
RH_SomMot_20,SomMot,7Networks_RH_SomMot_20,297,17Networks_RH_SalVentAttnA_ParMed_1,SalVentAttnA,4S456,250,R,cortex,11.08,-17.02,41.29
RH_SomMot_21,SomMot,7Networks_RH_SomMot_21,225,17Networks_RH_SomMotA_2,SomMotA,4S456,251,R,cortex,52.28,-12.84,49.2
RH_SomMot_22,SomMot,7Networks_RH_SomMot_22,226,17Networks_RH_SomMotA_3,SomMotA,4S456,252,R,cortex,44.05,-10.85,48.22
RH_SomMot_23,SomMot,7Networks_RH_SomMot_23,227,17Networks_RH_SomMotA_4,SomMotA,4S456,253,R,cortex,49.05,-25.53,55.81
RH_SomMot_24,SomMot,7Networks_RH_SomMot_24,228,17Networks_RH_SomMotA_5,SomMotA,4S456,254,R,cortex,6.95,-9.96,51.34
RH_SomMot_25,SomMot,7Networks_RH_SomMot_25,229,17Networks_RH_SomMotA_6,SomMotA,4S456,255,R,cortex,42.37,-21.09,54.7
RH_SomMot_26,SomMot,7Networks_RH_SomMot_26,230,17Networks_RH_SomMotA_7,SomMotA,4S456,256,R,cortex,36.39,-18.19,63.31
RH_SomMot_27,SomMot,7Networks_RH_SomMot_27,231,17Networks_RH_SomMotA_8,SomMotA,4S456,257,R,cortex,32.45,-34.08,63.12
RH_SomMot_28,SomMot,7Networks_RH_SomMot_28,232,17Networks_RH_SomMotA_9,SomMotA,4S456,258,R,cortex,31.07,-40.56,63.96
RH_SomMot_29,SomMot,7Networks_RH_SomMot_29,233,17Networks_RH_SomMotA_10,SomMotA,4S456,259,R,cortex,34.12,-27.19,60.96
RH_SomMot_30,SomMot,7Networks_RH_SomMot_30,234,17Networks_RH_SomMotA_11,SomMotA,4S456,260,R,cortex,4.39,-24.66,58.39
RH_SomMot_31,SomMot,7Networks_RH_SomMot_31,235,17Networks_RH_SomMotA_12,SomMotA,4S456,261,R,cortex,28.66,-10.94,64.76
RH_SomMot_32,SomMot,7Networks_RH_SomMot_32,236,17Networks_RH_SomMotA_13,SomMotA,4S456,262,R,cortex,9.21,-40.08,68.02
RH_SomMot_33,SomMot,7Networks_RH_SomMot_33,237,17Networks_RH_SomMotA_14,SomMotA,4S456,263,R,cortex,21.21,-24.44,66.03
RH_SomMot_34,SomMot,7Networks_RH_SomMot_34,238,17Networks_RH_SomMotA_15,SomMotA,4S456,264,R,cortex,22.19,-28.9,67.93
RH_SomMot_35,SomMot,7Networks_RH_SomMot_35,239,17Networks_RH_SomMotA_16,SomMotA,4S456,265,R,cortex,22.22,-35.02,70.39
RH_SomMot_36,SomMot,7Networks_RH_SomMot_36,240,17Networks_RH_SomMotA_17,SomMotA,4S456,266,R,cortex,16.81,-6.21,69.52
RH_SomMot_37,SomMot,7Networks_RH_SomMot_37,281,17Networks_RH_DorsAttnB_PostC_8,DorsAttnB,4S456,267,R,cortex,16.07,-46.73,73.73
RH_SomMot_38,SomMot,7Networks_RH_SomMot_38,241,17Networks_RH_SomMotA_18,SomMotA,4S456,268,R,cortex,5.46,-21.96,71.73
RH_SomMot_39,SomMot,7Networks_RH_SomMot_39,242,17Networks_RH_SomMotA_19,SomMotA,4S456,269,R,cortex,16.27,-18.42,72.58
RH_SomMot_40,SomMot,7Networks_RH_SomMot_40,243,17Networks_RH_SomMotA_20,SomMotA,4S456,270,R,cortex,12.78,-32.86,75.64
RH_DorsAttn_Post_1,DorsAttn,7Networks_RH_DorsAttn_Post_1,260,17Networks_RH_DorsAttnA_TempOcc_2,DorsAttnA,4S456,271,R,cortex,49.86,-49.25,-18.14
RH_DorsAttn_Post_2,DorsAttn,7Networks_RH_DorsAttn_Post_2,273,17Networks_RH_DorsAttnB_TempOcc_1,DorsAttnB,4S456,272,R,cortex,59.31,-54.65,-2.55
RH_DorsAttn_Post_3,DorsAttn,7Networks_RH_DorsAttn_Post_3,263,17Networks_RH_DorsAttnA_ParOcc_2,DorsAttnA,4S456,273,R,cortex,53.67,-55.64,12.42
RH_DorsAttn_Post_4,DorsAttn,7Networks_RH_DorsAttn_Post_4,386,17Networks_RH_DefaultC_IPL_2,DefaultC,4S456,274,R,cortex,45.44,-75.08,30.56
RH_DorsAttn_Post_5,DorsAttn,7Networks_RH_DorsAttn_Post_5,266,17Networks_RH_DorsAttnA_SPL_2,DorsAttnA,4S456,275,R,cortex,31.65,-66.54,35.43
RH_DorsAttn_Post_6,DorsAttn,7Networks_RH_DorsAttn_Post_6,275,17Networks_RH_DorsAttnB_PostC_2,DorsAttnB,4S456,276,R,cortex,57.16,-22.5,44.04
RH_DorsAttn_Post_7,DorsAttn,7Networks_RH_DorsAttn_Post_7,267,17Networks_RH_DorsAttnA_SPL_3,DorsAttnA,4S456,277,R,cortex,18.58,-79.02,50.18
RH_DorsAttn_Post_8,DorsAttn,7Networks_RH_DorsAttn_Post_8,276,17Networks_RH_DorsAttnB_PostC_3,DorsAttnB,4S456,278,R,cortex,43.55,-37.62,49.97
RH_DorsAttn_Post_9,DorsAttn,7Networks_RH_DorsAttn_Post_9,277,17Networks_RH_DorsAttnB_PostC_4,DorsAttnB,4S456,279,R,cortex,45.03,-28.09,42.5
RH_DorsAttn_Post_10,DorsAttn,7Networks_RH_DorsAttn_Post_10,268,17Networks_RH_DorsAttnA_SPL_4,DorsAttnA,4S456,280,R,cortex,30.93,-63.77,53.02
RH_DorsAttn_Post_11,DorsAttn,7Networks_RH_DorsAttn_Post_11,328,17Networks_RH_ContA_IPS_4,ContA,4S456,281,R,cortex,36.43,-44.77,45.18
RH_DorsAttn_Post_12,DorsAttn,7Networks_RH_DorsAttn_Post_12,269,17Networks_RH_DorsAttnA_SPL_5,DorsAttnA,4S456,282,R,cortex,20.86,-68.57,52.9
RH_DorsAttn_Post_13,DorsAttn,7Networks_RH_DorsAttn_Post_13,278,17Networks_RH_DorsAttnB_PostC_5,DorsAttnB,4S456,283,R,cortex,35.72,-35.98,51.52
RH_DorsAttn_Post_14,DorsAttn,7Networks_RH_DorsAttn_Post_14,270,17Networks_RH_DorsAttnA_SPL_6,DorsAttnA,4S456,284,R,cortex,34,-50.57,54.29
RH_DorsAttn_Post_15,DorsAttn,7Networks_RH_DorsAttn_Post_15,355,17Networks_RH_ContC_pCun_5,ContC,4S456,285,R,cortex,8.46,-70.86,52.48
RH_DorsAttn_Post_16,DorsAttn,7Networks_RH_DorsAttn_Post_16,271,17Networks_RH_DorsAttnA_SPL_7,DorsAttnA,4S456,286,R,cortex,26.69,-58.1,60.66
RH_DorsAttn_Post_17,DorsAttn,7Networks_RH_DorsAttn_Post_17,279,17Networks_RH_DorsAttnB_PostC_6,DorsAttnB,4S456,287,R,cortex,7.37,-53.71,59.78
RH_DorsAttn_Post_18,DorsAttn,7Networks_RH_DorsAttn_Post_18,272,17Networks_RH_DorsAttnA_SPL_8,DorsAttnA,4S456,288,R,cortex,13.5,-63.97,64.75
RH_DorsAttn_Post_19,DorsAttn,7Networks_RH_DorsAttn_Post_19,280,17Networks_RH_DorsAttnB_PostC_7,DorsAttnB,4S456,289,R,cortex,24.41,-49.98,68.17
RH_DorsAttn_FEF_1,DorsAttn,7Networks_RH_DorsAttn_FEF_1,282,17Networks_RH_DorsAttnB_FEF_1,DorsAttnB,4S456,290,R,cortex,39.49,-3.09,52.88
RH_DorsAttn_FEF_2,DorsAttn,7Networks_RH_DorsAttn_FEF_2,283,17Networks_RH_DorsAttnB_FEF_2,DorsAttnB,4S456,291,R,cortex,27.63,-3.59,52.19
RH_DorsAttn_FEF_3,DorsAttn,7Networks_RH_DorsAttn_FEF_3,284,17Networks_RH_DorsAttnB_FEF_3,DorsAttnB,4S456,292,R,cortex,24.66,-3.06,63.84
RH_DorsAttn_PrCv_1,DorsAttn,7Networks_RH_DorsAttn_PrCv_1,333,17Networks_RH_ContA_PFCl_4,ContA,4S456,293,R,cortex,48.98,8.23,24.68
RH_SalVentAttn_TempOccPar_1,SalVentAttn,7Networks_RH_SalVentAttn_TempOccPar_1,396,17Networks_RH_TempPar_6,TempPar,4S456,294,R,cortex,59.27,-46.43,6.96
RH_SalVentAttn_TempOccPar_2,SalVentAttn,7Networks_RH_SalVentAttn_TempOccPar_2,397,17Networks_RH_TempPar_7,TempPar,4S456,295,R,cortex,51.98,-40.93,12.28
RH_SalVentAttn_TempOccPar_3,SalVentAttn,7Networks_RH_SalVentAttn_TempOccPar_3,400,17Networks_RH_TempPar_10,TempPar,4S456,296,R,cortex,61.21,-39.73,21.76
RH_SalVentAttn_TempOccPar_4,SalVentAttn,7Networks_RH_SalVentAttn_TempOccPar_4,285,17Networks_RH_SalVentAttnA_ParOper_1,SalVentAttnA,4S456,297,R,cortex,57.91,-30.89,24.32
RH_SalVentAttn_TempOccPar_5,SalVentAttn,7Networks_RH_SalVentAttn_TempOccPar_5,286,17Networks_RH_SalVentAttnA_ParOper_2,SalVentAttnA,4S456,298,R,cortex,60.35,-21.88,22.48
RH_SalVentAttn_TempOccPar_6,SalVentAttn,7Networks_RH_SalVentAttn_TempOccPar_6,287,17Networks_RH_SalVentAttnA_ParOper_3,SalVentAttnA,4S456,299,R,cortex,62.62,-25.77,38.02
RH_SalVentAttn_TempOccPar_7,SalVentAttn,7Networks_RH_SalVentAttn_TempOccPar_7,304,17Networks_RH_SalVentAttnB_IPL_1,SalVentAttnB,4S456,300,R,cortex,62.1,-37.43,36.98
RH_SalVentAttn_PrC_1,SalVentAttn,7Networks_RH_SalVentAttn_PrC_1,288,17Networks_RH_SalVentAttnA_PrC_1,SalVentAttnA,4S456,301,R,cortex,51,3.41,40.76
RH_SalVentAttn_FrOperIns_1,SalVentAttn,7Networks_RH_SalVentAttn_FrOperIns_1,289,17Networks_RH_SalVentAttnA_Ins_1,SalVentAttnA,4S456,302,R,cortex,40.53,5.03,-15.54
RH_SalVentAttn_FrOperIns_2,SalVentAttn,7Networks_RH_SalVentAttn_FrOperIns_2,290,17Networks_RH_SalVentAttnA_Ins_2,SalVentAttnA,4S456,303,R,cortex,40.51,8.74,-2.84
RH_SalVentAttn_FrOperIns_3,SalVentAttn,7Networks_RH_SalVentAttn_FrOperIns_3,291,17Networks_RH_SalVentAttnA_Ins_3,SalVentAttnA,4S456,304,R,cortex,40.24,-10.59,-4.18
RH_SalVentAttn_FrOperIns_4,SalVentAttn,7Networks_RH_SalVentAttn_FrOperIns_4,292,17Networks_RH_SalVentAttnA_Ins_4,SalVentAttnA,4S456,305,R,cortex,39.18,-1.5,5.55
RH_SalVentAttn_FrOperIns_5,SalVentAttn,7Networks_RH_SalVentAttn_FrOperIns_5,310,17Networks_RH_SalVentAttnB_Ins_2,SalVentAttnB,4S456,306,R,cortex,37.17,22.67,4.78
RH_SalVentAttn_FrOperIns_6,SalVentAttn,7Networks_RH_SalVentAttn_FrOperIns_6,293,17Networks_RH_SalVentAttnA_FrOper_1,SalVentAttnA,4S456,307,R,cortex,38.38,6.97,10.47
RH_SalVentAttn_FrOperIns_7,SalVentAttn,7Networks_RH_SalVentAttn_FrOperIns_7,294,17Networks_RH_SalVentAttnA_FrOper_2,SalVentAttnA,4S456,308,R,cortex,49.47,4.92,3.55
RH_SalVentAttn_FrOperIns_8,SalVentAttn,7Networks_RH_SalVentAttn_FrOperIns_8,295,17Networks_RH_SalVentAttnA_FrOper_3,SalVentAttnA,4S456,309,R,cortex,53.84,11.9,11.72
RH_SalVentAttn_PFCl_1,SalVentAttn,7Networks_RH_SalVentAttn_PFCl_1,308,17Networks_RH_SalVentAttnB_PFCl_3,SalVentAttnB,4S456,310,R,cortex,32.44,44.74,28.41
RH_SalVentAttn_Med_1,SalVentAttn,7Networks_RH_SalVentAttn_Med_1,312,17Networks_RH_SalVentAttnB_PFCmp_2,SalVentAttnB,4S456,311,R,cortex,7.33,18.62,35.5
RH_SalVentAttn_Med_2,SalVentAttn,7Networks_RH_SalVentAttn_Med_2,296,17Networks_RH_SalVentAttnA_FrMed_1,SalVentAttnA,4S456,312,R,cortex,7.56,2.29,43.24
RH_SalVentAttn_Med_3,SalVentAttn,7Networks_RH_SalVentAttn_Med_3,298,17Networks_RH_SalVentAttnA_ParMed_2,SalVentAttnA,4S456,313,R,cortex,11.4,-33.55,42.5
RH_SalVentAttn_Med_4,SalVentAttn,7Networks_RH_SalVentAttn_Med_4,299,17Networks_RH_SalVentAttnA_FrMed_2,SalVentAttnA,4S456,314,R,cortex,5.75,10.6,57.48
RH_SalVentAttn_Med_5,SalVentAttn,7Networks_RH_SalVentAttn_Med_5,300,17Networks_RH_SalVentAttnA_ParMed_3,SalVentAttnA,4S456,315,R,cortex,10.25,-43.24,53.34
RH_SalVentAttn_Med_6,SalVentAttn,7Networks_RH_SalVentAttn_Med_6,301,17Networks_RH_SalVentAttnA_ParMed_4,SalVentAttnA,4S456,316,R,cortex,10.6,-32.34,50.62
RH_SalVentAttn_Med_7,SalVentAttn,7Networks_RH_SalVentAttn_Med_7,302,17Networks_RH_SalVentAttnA_FrMed_3,SalVentAttnA,4S456,317,R,cortex,6.83,-1.64,66.57
RH_SalVentAttn_Med_8,SalVentAttn,7Networks_RH_SalVentAttn_Med_8,303,17Networks_RH_SalVentAttnA_FrMed_4,SalVentAttnA,4S456,318,R,cortex,16.17,6.61,69.26
RH_Limbic_OFC_1,Limbic,7Networks_RH_Limbic_OFC_1,313,17Networks_RH_LimbicB_OFC_1,LimbicB,4S456,319,R,cortex,13.25,23.3,-20.5
RH_Limbic_OFC_2,Limbic,7Networks_RH_Limbic_OFC_2,314,17Networks_RH_LimbicB_OFC_2,LimbicB,4S456,320,R,cortex,23.08,22.25,-20.26
RH_Limbic_OFC_3,Limbic,7Networks_RH_Limbic_OFC_3,315,17Networks_RH_LimbicB_OFC_3,LimbicB,4S456,321,R,cortex,7.8,46.78,-23.25
RH_Limbic_OFC_4,Limbic,7Networks_RH_Limbic_OFC_4,316,17Networks_RH_LimbicB_OFC_4,LimbicB,4S456,322,R,cortex,19.96,42.98,-18.17
RH_Limbic_OFC_5,Limbic,7Networks_RH_Limbic_OFC_5,317,17Networks_RH_LimbicB_OFC_5,LimbicB,4S456,323,R,cortex,4.8,21.82,-20.63
RH_Limbic_OFC_6,Limbic,7Networks_RH_Limbic_OFC_6,318,17Networks_RH_LimbicB_OFC_6,LimbicB,4S456,324,R,cortex,9.36,62.63,-14.37
RH_Limbic_TempPole_1,Limbic,7Networks_RH_Limbic_TempPole_1,319,17Networks_RH_LimbicA_TempPole_1,LimbicA,4S456,325,R,cortex,27.8,-1.32,-40.13
RH_Limbic_TempPole_2,Limbic,7Networks_RH_Limbic_TempPole_2,320,17Networks_RH_LimbicA_TempPole_2,LimbicA,4S456,326,R,cortex,48.77,-6.55,-39.19
RH_Limbic_TempPole_3,Limbic,7Networks_RH_Limbic_TempPole_3,321,17Networks_RH_LimbicA_TempPole_3,LimbicA,4S456,327,R,cortex,36.7,16.6,-37.01
RH_Limbic_TempPole_4,Limbic,7Networks_RH_Limbic_TempPole_4,322,17Networks_RH_LimbicA_TempPole_4,LimbicA,4S456,328,R,cortex,39.39,-14.79,-31.21
RH_Limbic_TempPole_5,Limbic,7Networks_RH_Limbic_TempPole_5,323,17Networks_RH_LimbicA_TempPole_5,LimbicA,4S456,329,R,cortex,28.6,11.79,-30.43
RH_Limbic_TempPole_6,Limbic,7Networks_RH_Limbic_TempPole_6,324,17Networks_RH_LimbicA_TempPole_6,LimbicA,4S456,330,R,cortex,50,-27.81,-25.83
RH_Limbic_TempPole_7,Limbic,7Networks_RH_Limbic_TempPole_7,389,17Networks_RH_DefaultC_PHC_1,DefaultC,4S456,331,R,cortex,22.37,-17.65,-26.85
RH_Cont_Par_1,Cont,7Networks_RH_Cont_Par_1,339,17Networks_RH_ContB_IPL_2,ContB,4S456,332,R,cortex,54.57,-52.83,44.54
RH_Cont_Par_2,Cont,7Networks_RH_Cont_Par_2,340,17Networks_RH_ContB_IPL_3,ContB,4S456,333,R,cortex,55.58,-40.85,47.39
RH_Cont_Par_3,Cont,7Networks_RH_Cont_Par_3,325,17Networks_RH_ContA_IPS_1,ContA,4S456,334,R,cortex,35.11,-70.72,46.69
RH_Cont_Par_4,Cont,7Networks_RH_Cont_Par_4,326,17Networks_RH_ContA_IPS_2,ContA,4S456,335,R,cortex,53.98,-33.06,51.14
RH_Cont_Par_5,Cont,7Networks_RH_Cont_Par_5,327,17Networks_RH_ContA_IPS_3,ContA,4S456,336,R,cortex,46.76,-44.16,46.45
RH_Cont_Par_6,Cont,7Networks_RH_Cont_Par_6,341,17Networks_RH_ContB_IPL_4,ContB,4S456,337,R,cortex,40.95,-55.14,48.63
RH_Cont_Temp_1,Cont,7Networks_RH_Cont_Temp_1,336,17Networks_RH_ContB_Temp_1,ContB,4S456,338,R,cortex,61.68,-28.74,-19.84
RH_Cont_Temp_2,Cont,7Networks_RH_Cont_Temp_2,337,17Networks_RH_ContB_Temp_2,ContB,4S456,339,R,cortex,63.28,-42.22,-10.62
RH_Cont_PFCv_1,Cont,7Networks_RH_Cont_PFCv_1,309,17Networks_RH_SalVentAttnB_Ins_1,SalVentAttnB,4S456,340,R,cortex,33.92,21.13,-7.71
RH_Cont_PFCl_1,Cont,7Networks_RH_Cont_PFCl_1,347,17Networks_RH_ContB_PFClv_2,ContB,4S456,341,R,cortex,27.91,54.76,-13.48
RH_Cont_PFCl_2,Cont,7Networks_RH_Cont_PFCl_2,348,17Networks_RH_ContB_PFClv_3,ContB,4S456,342,R,cortex,42.3,50.96,-6.27
RH_Cont_PFCl_3,Cont,7Networks_RH_Cont_PFCl_3,349,17Networks_RH_ContB_PFClv_4,ContB,4S456,343,R,cortex,27.47,59.23,2.84
RH_Cont_PFCl_4,Cont,7Networks_RH_Cont_PFCl_4,305,17Networks_RH_SalVentAttnB_PFClv_1,SalVentAttnB,4S456,344,R,cortex,48.96,39.94,5.02
RH_Cont_PFCl_5,Cont,7Networks_RH_Cont_PFCl_5,306,17Networks_RH_SalVentAttnB_PFCl_1,SalVentAttnB,4S456,345,R,cortex,41.72,45.89,14.28
RH_Cont_PFCl_6,Cont,7Networks_RH_Cont_PFCl_6,330,17Networks_RH_ContA_PFCl_1,ContA,4S456,346,R,cortex,49.02,30.42,18.2
RH_Cont_PFCl_7,Cont,7Networks_RH_Cont_PFCl_7,331,17Networks_RH_ContA_PFCl_2,ContA,4S456,347,R,cortex,48.29,18.11,23.59
RH_Cont_PFCl_8,Cont,7Networks_RH_Cont_PFCl_8,307,17Networks_RH_SalVentAttnB_PFCl_2,SalVentAttnB,4S456,348,R,cortex,25.25,54.12,24.82
RH_Cont_PFCl_9,Cont,7Networks_RH_Cont_PFCl_9,332,17Networks_RH_ContA_PFCl_3,ContA,4S456,349,R,cortex,47.35,28.88,28.05
RH_Cont_PFCl_10,Cont,7Networks_RH_Cont_PFCl_10,334,17Networks_RH_ContA_PFCl_5,ContA,4S456,350,R,cortex,39.33,10.7,33.82
RH_Cont_PFCl_11,Cont,7Networks_RH_Cont_PFCl_11,342,17Networks_RH_ContB_PFCld_1,ContB,4S456,351,R,cortex,39.01,33.44,38.02
RH_Cont_PFCl_12,Cont,7Networks_RH_Cont_PFCl_12,343,17Networks_RH_ContB_PFCld_2,ContB,4S456,352,R,cortex,44.56,18.93,43.49
RH_Cont_PFCl_13,Cont,7Networks_RH_Cont_PFCl_13,344,17Networks_RH_ContB_PFCld_3,ContB,4S456,353,R,cortex,43.18,6.07,50.42
RH_Cont_PFCl_14,Cont,7Networks_RH_Cont_PFCl_14,345,17Networks_RH_ContB_PFCld_4,ContB,4S456,354,R,cortex,34.36,15.61,55.46
RH_Cont_PFCl_15,Cont,7Networks_RH_Cont_PFCl_15,329,17Networks_RH_ContA_PFCd_1,ContA,4S456,355,R,cortex,24.28,9.89,57.82
RH_Cont_pCun_1,Cont,7Networks_RH_Cont_pCun_1,352,17Networks_RH_ContC_pCun_2,ContC,4S456,356,R,cortex,13.17,-71.51,39.16
RH_Cont_pCun_2,Cont,7Networks_RH_Cont_pCun_2,353,17Networks_RH_ContC_pCun_3,ContC,4S456,357,R,cortex,5.75,-64.04,43.66
RH_Cont_Cing_1,Cont,7Networks_RH_Cont_Cing_1,357,17Networks_RH_ContC_Cingp_2,ContC,4S456,358,R,cortex,6.36,-26.32,27.9
RH_Cont_Cing_2,Cont,7Networks_RH_Cont_Cing_2,335,17Networks_RH_ContA_Cingm_1,ContA,4S456,359,R,cortex,4.78,1.39,30.32
RH_Cont_PFCmp_1,Cont,7Networks_RH_Cont_PFCmp_1,311,17Networks_RH_SalVentAttnB_PFCmp_1,SalVentAttnB,4S456,360,R,cortex,7.49,34.86,25.18
RH_Cont_PFCmp_2,Cont,7Networks_RH_Cont_PFCmp_2,350,17Networks_RH_ContB_PFCmp_1,ContB,4S456,361,R,cortex,4.85,28.27,48.12
RH_Default_Par_1,Default,7Networks_RH_Default_Par_1,399,17Networks_RH_TempPar_9,TempPar,4S456,362,R,cortex,54.52,-45.67,19.75
RH_Default_Par_2,Default,7Networks_RH_Default_Par_2,385,17Networks_RH_DefaultC_IPL_1,DefaultC,4S456,363,R,cortex,48.43,-64.11,21.7
RH_Default_Par_3,Default,7Networks_RH_Default_Par_3,359,17Networks_RH_DefaultA_IPL_1,DefaultA,4S456,364,R,cortex,53.2,-53.29,25.82
RH_Default_Par_4,Default,7Networks_RH_Default_Par_4,338,17Networks_RH_ContB_IPL_1,ContB,4S456,365,R,cortex,56.03,-45.4,32.35
RH_Default_Par_5,Default,7Networks_RH_Default_Par_5,360,17Networks_RH_DefaultA_IPL_2,DefaultA,4S456,366,R,cortex,47.52,-64.29,41.63
RH_Default_Temp_1,Default,7Networks_RH_Default_Temp_1,376,17Networks_RH_DefaultB_AntTemp_1,DefaultB,4S456,367,R,cortex,49.13,8.57,-32.82
RH_Default_Temp_2,Default,7Networks_RH_Default_Temp_2,358,17Networks_RH_DefaultA_Temp_1,DefaultA,4S456,368,R,cortex,60.49,-7.53,-22.92
RH_Default_Temp_3,Default,7Networks_RH_Default_Temp_3,391,17Networks_RH_TempPar_1,TempPar,4S456,369,R,cortex,47.66,16.05,-20.12
RH_Default_Temp_4,Default,7Networks_RH_Default_Temp_4,392,17Networks_RH_TempPar_2,TempPar,4S456,370,R,cortex,54.77,-4.08,-14.19
RH_Default_Temp_5,Default,7Networks_RH_Default_Temp_5,374,17Networks_RH_DefaultB_Temp_1,DefaultB,4S456,371,R,cortex,62.87,-23.1,-7.46
RH_Default_Temp_6,Default,7Networks_RH_Default_Temp_6,393,17Networks_RH_TempPar_3,TempPar,4S456,372,R,cortex,48.99,-20.06,-7.38
RH_Default_Temp_7,Default,7Networks_RH_Default_Temp_7,375,17Networks_RH_DefaultB_Temp_2,DefaultB,4S456,373,R,cortex,63.28,-37.57,0.19
RH_Default_Temp_8,Default,7Networks_RH_Default_Temp_8,395,17Networks_RH_TempPar_5,TempPar,4S456,374,R,cortex,50.08,-33.07,1.47
RH_Default_PFCv_1,Default,7Networks_RH_Default_PFCv_1,382,17Networks_RH_DefaultB_PFCv_1,DefaultB,4S456,375,R,cortex,34.98,23.04,-17.23
RH_Default_PFCv_2,Default,7Networks_RH_Default_PFCv_2,346,17Networks_RH_ContB_PFClv_1,ContB,4S456,376,R,cortex,35.11,37.7,-13.65
RH_Default_PFCv_3,Default,7Networks_RH_Default_PFCv_3,383,17Networks_RH_DefaultB_PFCv_2,DefaultB,4S456,377,R,cortex,48.03,31.57,-7.79
RH_Default_PFCv_4,Default,7Networks_RH_Default_PFCv_4,384,17Networks_RH_DefaultB_PFCv_3,DefaultB,4S456,378,R,cortex,53.34,23.8,6.47
RH_Default_PFCdPFCm_1,Default,7Networks_RH_Default_PFCdPFCm_1,368,17Networks_RH_DefaultA_PFCm_1,DefaultA,4S456,379,R,cortex,5.35,40.38,-10.26
RH_Default_PFCdPFCm_2,Default,7Networks_RH_Default_PFCdPFCm_2,369,17Networks_RH_DefaultA_PFCm_2,DefaultA,4S456,380,R,cortex,9.37,66.65,1.05
RH_Default_PFCdPFCm_3,Default,7Networks_RH_Default_PFCdPFCm_3,370,17Networks_RH_DefaultA_PFCm_3,DefaultA,4S456,381,R,cortex,7.6,41.93,4.23
RH_Default_PFCdPFCm_4,Default,7Networks_RH_Default_PFCdPFCm_4,371,17Networks_RH_DefaultA_PFCm_4,DefaultA,4S456,382,R,cortex,7.42,53.99,12.82
RH_Default_PFCdPFCm_5,Default,7Networks_RH_Default_PFCdPFCm_5,372,17Networks_RH_DefaultA_PFCm_5,DefaultA,4S456,383,R,cortex,17.53,64.91,16.17
RH_Default_PFCdPFCm_6,Default,7Networks_RH_Default_PFCdPFCm_6,373,17Networks_RH_DefaultA_PFCm_6,DefaultA,4S456,384,R,cortex,5.73,24.77,18.24
RH_Default_PFCdPFCm_7,Default,7Networks_RH_Default_PFCdPFCm_7,377,17Networks_RH_DefaultB_PFCd_1,DefaultB,4S456,385,R,cortex,6.33,57.61,29.44
RH_Default_PFCdPFCm_8,Default,7Networks_RH_Default_PFCdPFCm_8,378,17Networks_RH_DefaultB_PFCd_2,DefaultB,4S456,386,R,cortex,16.37,52.72,35.87
RH_Default_PFCdPFCm_9,Default,7Networks_RH_Default_PFCdPFCm_9,379,17Networks_RH_DefaultB_PFCd_3,DefaultB,4S456,387,R,cortex,4.73,44.55,40.15
RH_Default_PFCdPFCm_10,Default,7Networks_RH_Default_PFCdPFCm_10,361,17Networks_RH_DefaultA_PFCd_1,DefaultA,4S456,388,R,cortex,26.25,34.53,39.3
RH_Default_PFCdPFCm_11,Default,7Networks_RH_Default_PFCdPFCm_11,380,17Networks_RH_DefaultB_PFCd_4,DefaultB,4S456,389,R,cortex,13.92,39.11,52.15
RH_Default_PFCdPFCm_12,Default,7Networks_RH_Default_PFCdPFCm_12,362,17Networks_RH_DefaultA_PFCd_2,DefaultA,4S456,390,R,cortex,23.96,25.72,50.78
RH_Default_PFCdPFCm_13,Default,7Networks_RH_Default_PFCdPFCm_13,381,17Networks_RH_DefaultB_PFCd_5,DefaultB,4S456,391,R,cortex,11.97,19.73,62.81
RH_Default_pCunPCC_1,Default,7Networks_RH_Default_pCunPCC_1,388,17Networks_RH_DefaultC_Rsp_2,DefaultC,4S456,392,R,cortex,12.59,-54.87,15.59
RH_Default_pCunPCC_2,Default,7Networks_RH_Default_pCunPCC_2,356,17Networks_RH_ContC_Cingp_1,ContC,4S456,393,R,cortex,7.32,-43.68,19.75
RH_Default_pCunPCC_3,Default,7Networks_RH_Default_pCunPCC_3,351,17Networks_RH_ContC_pCun_1,ContC,4S456,394,R,cortex,16.56,-63.35,27.59
RH_Default_pCunPCC_4,Default,7Networks_RH_Default_pCunPCC_4,363,17Networks_RH_DefaultA_pCunPCC_1,DefaultA,4S456,395,R,cortex,5.82,-52.25,22.95
RH_Default_pCunPCC_5,Default,7Networks_RH_Default_pCunPCC_5,364,17Networks_RH_DefaultA_pCunPCC_2,DefaultA,4S456,396,R,cortex,4.9,-63.34,31.35
RH_Default_pCunPCC_6,Default,7Networks_RH_Default_pCunPCC_6,365,17Networks_RH_DefaultA_pCunPCC_3,DefaultA,4S456,397,R,cortex,6.74,-38.87,34.72
RH_Default_pCunPCC_7,Default,7Networks_RH_Default_pCunPCC_7,366,17Networks_RH_DefaultA_pCunPCC_4,DefaultA,4S456,398,R,cortex,4.1,-19.7,37.04
RH_Default_pCunPCC_8,Default,7Networks_RH_Default_pCunPCC_8,367,17Networks_RH_DefaultA_pCunPCC_5,DefaultA,4S456,399,R,cortex,9.89,-52.61,35.13
RH_Default_pCunPCC_9,Default,7Networks_RH_Default_pCunPCC_9,354,17Networks_RH_ContC_pCun_4,ContC,4S456,400,R,cortex,7.26,-49.7,44.39
LH-Pu,,,,,,CIT168Subcortical,401,L,subcortex,-25.12,0.36,0.6
LH-Ca,,,,,,CIT168Subcortical,402,L,subcortex,-13.71,6.56,8.98
LH-NAC,,,,,,CIT168Subcortical,403,L,subcortex,-9.57,7.9,-9.53
LH-EXA,,,,,,CIT168Subcortical,404,L,subcortex,-6.19,2.38,0.5
LH-GPe,,,,,,CIT168Subcortical,405,L,subcortex,-18.55,-1.77,-0.4
LH-GPi,,,,,,CIT168Subcortical,406,L,subcortex,-16.29,-5.13,-4.35
LH-SNc_PBP_VTA,,,,,,CIT168Subcortical,407,L,subcortex,-6.68,-19.22,-13.27
LH-RN,,,,,,CIT168Subcortical,408,L,subcortex,-4.54,-19.42,-9.31
LH-SNr,,,,,,CIT168Subcortical,409,L,subcortex,-9.57,-16.52,-12.83
LH-VeP,,,,,,CIT168Subcortical,410,L,subcortex,-11.5,2.62,-8.88
LH-HN,,,,,,CIT168Subcortical,411,L,subcortex,-2.6,-24,2.4
LH-HTH,,,,,,CIT168Subcortical,412,L,subcortex,-4.07,-4.3,-9.57
LH-MN,,,,,,CIT168Subcortical,413,L,subcortex,-2.22,-8.22,-14.22
LH-STH,,,,,,CIT168Subcortical,414,L,subcortex,-10.32,-12.64,-7.52
RH-Pu,,,,,,CIT168Subcortical,415,R,subcortex,25.88,1.93,0.6
RH-Ca,,,,,,CIT168Subcortical,416,R,subcortex,14.72,7.16,9.64
RH-NAC,,,,,,CIT168Subcortical,417,R,subcortex,10.3,8.73,-9.18
RH-EXA,,,,,,CIT168Subcortical,418,R,subcortex,6.93,3.57,0.36
RH-GPe,,,,,,CIT168Subcortical,419,R,subcortex,19.63,-0.59,0.17
RH-GPi,,,,,,CIT168Subcortical,420,R,subcortex,17.52,-4.34,-4.08
RH-SNc_PBP_VTA,,,,,,CIT168Subcortical,421,R,subcortex,8.1,-18.81,-12.81
RH-RN,,,,,,CIT168Subcortical,422,R,subcortex,5.62,-19.15,-9.23
RH-SNr,,,,,,CIT168Subcortical,423,R,subcortex,10.26,-16.17,-13.3
RH-VeP,,,,,,CIT168Subcortical,424,R,subcortex,12.42,3.79,-8.42
RH-HN,,,,,,CIT168Subcortical,425,R,subcortex,4.5,-23.75,1.75
RH-HTH,,,,,,CIT168Subcortical,426,R,subcortex,4.89,-3.84,-9.67
RH-MN,,,,,,CIT168Subcortical,427,R,subcortex,2.24,-8,-14.12
RH-STH,,,,,,CIT168Subcortical,428,R,subcortex,11.36,-12.08,-7.68
LH-Pulvinar,,,,,,ThalamusHCP,429,L,subcortex,-19.25,-30.79,2.04
LH-Anterior,,,,,,ThalamusHCP,430,L,subcortex,-7.54,-6.32,2.28
LH-Medio_Dorsal,,,,,,ThalamusHCP,431,L,subcortex,-6.09,-17.4,2.83
LH-Ventral_Latero_Dorsal,,,,,,ThalamusHCP,432,L,subcortex,-15.34,-21.11,12.84
LH-Central_Lateral-Lateral_Posterior-Medial_Pulvinar,,,,,,ThalamusHCP,433,L,subcortex,-10.29,-27.56,4.96
LH-Ventral_Anterior,,,,,,ThalamusHCP,434,L,subcortex,-10.65,-10.56,11.38
LH-Ventral_Latero_Ventral,,,,,,ThalamusHCP,435,L,subcortex,-16.9,-19.24,1.24
RH-Pulvinar,,,,,,ThalamusHCP,436,R,subcortex,18.33,-29.8,2.99
RH-Anterior,,,,,,ThalamusHCP,437,R,subcortex,7.89,-5.37,4.33
RH-Medio_Dorsal,,,,,,ThalamusHCP,438,R,subcortex,6.02,-14.84,2.84
RH-Ventral_Latero_Dorsal,,,,,,ThalamusHCP,439,R,subcortex,15.53,-21.85,12.86
RH-Central_Lateral-Lateral_Posterior-Medial_Pulvinar,,,,,,ThalamusHCP,440,R,subcortex,9.58,-24.43,4.49
RH-Ventral_Anterior,,,,,,ThalamusHCP,441,R,subcortex,12.23,-11.19,12.42
RH-Ventral_Latero_Ventral,,,,,,ThalamusHCP,442,R,subcortex,17.86,-18.58,2.2
LH_Hippocampus,,,,,,SubcorticalHCP,443,L,subcortex,-25.24,-21.99,-14.22
LH_Amygdala,,,,,,SubcorticalHCP,444,L,subcortex,-23.28,-4.56,-19.83
RH_Hippocampus,,,,,,SubcorticalHCP,445,R,subcortex,26.37,-21.14,-13.89
RH_Amygdala,,,,,,SubcorticalHCP,446,R,subcortex,23.9,-3.85,-19.54
Cerebellar_Region1,,,,,,Cerebellum,447,B,subcortex,-15.96,-52.86,-26.64
Cerebellar_Region2,,,,,,Cerebellum,448,B,subcortex,-10,-37.2,-60.8
Cerebellar_Region3,,,,,,Cerebellum,449,B,subcortex,-5.5,-73.34,-25.62
Cerebellar_Region4,,,,,,Cerebellum,450,B,subcortex,-26.04,-53.6,-51.26
Cerebellar_Region5,,,,,,Cerebellum,451,B,subcortex,-28.62,-68.14,-36.06
Cerebellar_Region6,,,,,,Cerebellum,452,B,subcortex,-37.49,-54.36,-30.38
Cerebellar_Region7,,,,,,Cerebellum,453,B,subcortex,-19.2,-78.74,-34.92
Cerebellar_Region8,,,,,,Cerebellum,454,B,subcortex,-34.59,-82.14,-33.68
Cerebellar_Region9,,,,,,Cerebellum,455,B,subcortex,-46,-53,-56
Cerebellar_Region10,,,,,,Cerebellum,456,B,subcortex,-42.47,-67.66,-40.74